{
"meta":{"test_sets":[],"test_metrics":[],"learn_metrics":[{"best_value":"Min","name":"Logloss"}],"launch_mode":"Train","parameters":"","iteration_count":1000,"learn_sets":["learn"],"name":"experiment"},
"iterations":[
{"learn":[0.6830985529],"iteration":0,"passed_time":0.2094141333,"remaining_time":209.2047191},
{"learn":[0.6729251923],"iteration":1,"passed_time":0.2308665388,"remaining_time":115.2024028},
{"learn":[0.6617248129],"iteration":2,"passed_time":0.2530840405,"remaining_time":84.1082628},
{"learn":[0.651339353],"iteration":3,"passed_time":0.2757715418,"remaining_time":68.66711391},
{"learn":[0.6432255539],"iteration":4,"passed_time":0.3226842984,"remaining_time":64.21417539},
{"learn":[0.6321416058],"iteration":5,"passed_time":0.3628299108,"remaining_time":60.10882189},
{"learn":[0.6225347913],"iteration":6,"passed_time":0.4033138105,"remaining_time":57.21294484},
{"learn":[0.6133378358],"iteration":7,"passed_time":0.4436059877,"remaining_time":55.00714248},
{"learn":[0.6049555436],"iteration":8,"passed_time":0.4820654895,"remaining_time":53.08076667},
{"learn":[0.5955892702],"iteration":9,"passed_time":0.522255443,"remaining_time":51.70328886},
{"learn":[0.5877558177],"iteration":10,"passed_time":0.5684364734,"remaining_time":51.10760656},
{"learn":[0.5797107389],"iteration":11,"passed_time":0.6108389468,"remaining_time":50.29240662},
{"learn":[0.5713335355],"iteration":12,"passed_time":0.6354260981,"remaining_time":48.24350452},
{"learn":[0.563589797],"iteration":13,"passed_time":0.6876896476,"remaining_time":48.43299947},
{"learn":[0.5556568607],"iteration":14,"passed_time":0.7864560557,"remaining_time":51.64394766},
{"learn":[0.5466349832],"iteration":15,"passed_time":0.8479159064,"remaining_time":52.14682824},
{"learn":[0.5389403214],"iteration":16,"passed_time":0.913984346,"remaining_time":52.84980071},
{"learn":[0.5327148797],"iteration":17,"passed_time":0.9539750112,"remaining_time":52.04463672},
{"learn":[0.5243831384],"iteration":18,"passed_time":0.9965362399,"remaining_time":51.45273955},
{"learn":[0.5161775954],"iteration":19,"passed_time":1.034722383,"remaining_time":50.70139677},
{"learn":[0.5076538823],"iteration":20,"passed_time":1.07415099,"remaining_time":50.07589617},
{"learn":[0.4996712417],"iteration":21,"passed_time":1.115324196,"remaining_time":49.58123016},
{"learn":[0.492842666],"iteration":22,"passed_time":1.153622035,"remaining_time":49.00385776},
{"learn":[0.4868408054],"iteration":23,"passed_time":1.187306353,"remaining_time":48.28379167},
{"learn":[0.4803282536],"iteration":24,"passed_time":1.200371802,"remaining_time":46.81450028},
{"learn":[0.4737817982],"iteration":25,"passed_time":1.221656665,"remaining_time":45.76513815},
{"learn":[0.4681112339],"iteration":26,"passed_time":1.24405129,"remaining_time":44.83192241},
{"learn":[0.4630784601],"iteration":27,"passed_time":1.265752644,"remaining_time":43.93969894},
{"learn":[0.4567380301],"iteration":28,"passed_time":1.288773149,"remaining_time":43.15168026},
{"learn":[0.4501387354],"iteration":29,"passed_time":1.341918414,"remaining_time":43.38869538},
{"learn":[0.4435440879],"iteration":30,"passed_time":1.373115811,"remaining_time":42.92094261},
{"learn":[0.4373385573],"iteration":31,"passed_time":1.396879287,"remaining_time":42.25559844},
{"learn":[0.4313159498],"iteration":32,"passed_time":1.420291508,"remaining_time":41.61884509},
{"learn":[0.4252653907],"iteration":33,"passed_time":1.441921049,"remaining_time":40.96752156},
{"learn":[0.4199760353],"iteration":34,"passed_time":1.464785295,"remaining_time":40.38622313},
{"learn":[0.4146973455],"iteration":35,"passed_time":1.486388884,"remaining_time":39.80219122},
{"learn":[0.4094920451],"iteration":36,"passed_time":1.512571187,"remaining_time":39.36773117},
{"learn":[0.4054654121],"iteration":37,"passed_time":1.534014619,"remaining_time":38.83479114},
{"learn":[0.399858113],"iteration":38,"passed_time":1.555109119,"remaining_time":38.31948367},
{"learn":[0.3956152923],"iteration":39,"passed_time":1.577988126,"remaining_time":37.87171503},
{"learn":[0.3902673014],"iteration":40,"passed_time":1.600936703,"remaining_time":37.44629997},
{"learn":[0.3854709232],"iteration":41,"passed_time":1.622273722,"remaining_time":37.00329108},
{"learn":[0.3811496334],"iteration":42,"passed_time":1.644744838,"remaining_time":36.60513512},
{"learn":[0.3760022929],"iteration":43,"passed_time":1.66668576,"remaining_time":36.21253606},
{"learn":[0.3703929253],"iteration":44,"passed_time":1.687275981,"remaining_time":35.80774581},
{"learn":[0.365495335],"iteration":45,"passed_time":1.707047983,"remaining_time":35.40269078},
{"learn":[0.3612570567],"iteration":46,"passed_time":1.736249202,"remaining_time":35.20522318},
{"learn":[0.3560059264],"iteration":47,"passed_time":1.757465891,"remaining_time":34.85640684},
{"learn":[0.3518600419],"iteration":48,"passed_time":1.793260874,"remaining_time":34.80389982},
{"learn":[0.3477377039],"iteration":49,"passed_time":1.835475923,"remaining_time":34.87404254},
{"learn":[0.3447461616],"iteration":50,"passed_time":1.855960068,"remaining_time":34.53541381},
{"learn":[0.3401941068],"iteration":51,"passed_time":1.87641324,"remaining_time":34.20845676},
{"learn":[0.3357063141],"iteration":52,"passed_time":1.898563228,"remaining_time":33.92338446},
{"learn":[0.3314161109],"iteration":53,"passed_time":1.922662054,"remaining_time":33.6821908},
{"learn":[0.328160693],"iteration":54,"passed_time":1.944265621,"remaining_time":33.4060184},
{"learn":[0.3243633668],"iteration":55,"passed_time":1.964290472,"remaining_time":33.1123251},
{"learn":[0.3207620957],"iteration":56,"passed_time":1.986846008,"remaining_time":32.87010149},
{"learn":[0.3172845694],"iteration":57,"passed_time":2.007336621,"remaining_time":32.60191546},
{"learn":[0.3138779441],"iteration":58,"passed_time":2.029163086,"remaining_time":32.3634316},
{"learn":[0.3114015027],"iteration":59,"passed_time":2.051985093,"remaining_time":32.14776645},
{"learn":[0.3077270031],"iteration":60,"passed_time":2.073564366,"remaining_time":31.91929409},
{"learn":[0.3040732157],"iteration":61,"passed_time":2.09416222,"remaining_time":31.68264778},
{"learn":[0.3010337335],"iteration":62,"passed_time":2.115887944,"remaining_time":31.46963497},
{"learn":[0.2979992977],"iteration":63,"passed_time":2.135943135,"remaining_time":31.23816835},
{"learn":[0.294254807],"iteration":64,"passed_time":2.171660171,"remaining_time":31.2384963},
{"learn":[0.2906715866],"iteration":65,"passed_time":2.193171987,"remaining_time":31.0367066},
{"learn":[0.2869531031],"iteration":66,"passed_time":2.213531717,"remaining_time":30.8242551},
{"learn":[0.2841770817],"iteration":67,"passed_time":2.234498786,"remaining_time":30.62577748},
{"learn":[0.2818971245],"iteration":68,"passed_time":2.255565476,"remaining_time":30.43378925},
{"learn":[0.2789900569],"iteration":69,"passed_time":2.276786553,"remaining_time":30.24873564},
{"learn":[0.2760842019],"iteration":70,"passed_time":2.302480536,"remaining_time":30.12682279},
{"learn":[0.2736185047],"iteration":71,"passed_time":2.322971001,"remaining_time":29.94051512},
{"learn":[0.2708165368],"iteration":72,"passed_time":2.356360564,"remaining_time":29.92255127},
{"learn":[0.268133318],"iteration":73,"passed_time":2.377796612,"remaining_time":29.75459003},
{"learn":[0.2663344566],"iteration":74,"passed_time":2.39865969,"remaining_time":29.58346951},
{"learn":[0.2635780169],"iteration":75,"passed_time":2.423144937,"remaining_time":29.46034107},
{"learn":[0.2608356976],"iteration":76,"passed_time":2.448483425,"remaining_time":29.35000262},
{"learn":[0.2582998351],"iteration":77,"passed_time":2.487378251,"remaining_time":29.4020865},
{"learn":[0.2556160007],"iteration":78,"passed_time":2.511050698,"remaining_time":29.27440118},
{"learn":[0.2529053007],"iteration":79,"passed_time":2.545978941,"remaining_time":29.27875782},
{"learn":[0.2497265857],"iteration":80,"passed_time":2.563004214,"remaining_time":29.07902312},
{"learn":[0.2467954188],"iteration":81,"passed_time":2.578506162,"remaining_time":28.86669094},
{"learn":[0.2437987889],"iteration":82,"passed_time":2.586648741,"remaining_time":28.57779392},
{"learn":[0.241220483],"iteration":83,"passed_time":2.593039123,"remaining_time":28.27647424},
{"learn":[0.2390466261],"iteration":84,"passed_time":2.598954908,"remaining_time":27.97698519},
{"learn":[0.2365498654],"iteration":85,"passed_time":2.604780505,"remaining_time":27.6833649},
{"learn":[0.2341438387],"iteration":86,"passed_time":2.610920859,"remaining_time":27.39966373},
{"learn":[0.231761666],"iteration":87,"passed_time":2.616811348,"remaining_time":27.11968124},
{"learn":[0.2301187525],"iteration":88,"passed_time":2.623240806,"remaining_time":26.85137499},
{"learn":[0.2286201193],"iteration":89,"passed_time":2.630297006,"remaining_time":26.59522528},
{"learn":[0.2259851634],"iteration":90,"passed_time":2.635858018,"remaining_time":26.32961471},
{"learn":[0.2240733998],"iteration":91,"passed_time":2.643124294,"remaining_time":26.08648759},
{"learn":[0.2222984297],"iteration":92,"passed_time":2.64950145,"remaining_time":25.83976146},
{"learn":[0.220116673],"iteration":93,"passed_time":2.65564127,"remaining_time":25.5958616},
{"learn":[0.2172489835],"iteration":94,"passed_time":2.66185011,"remaining_time":25.35762473},
{"learn":[0.215058488],"iteration":95,"passed_time":2.66768597,"remaining_time":25.12070955},
{"learn":[0.213707417],"iteration":96,"passed_time":2.673146502,"remaining_time":24.88506486},
{"learn":[0.2116847401],"iteration":97,"passed_time":2.678599061,"remaining_time":24.65404441},
{"learn":[0.2094000706],"iteration":98,"passed_time":2.683886378,"remaining_time":24.42607704},
{"learn":[0.2074424776],"iteration":99,"passed_time":2.689276602,"remaining_time":24.20348941},
{"learn":[0.2056927349],"iteration":100,"passed_time":2.694893013,"remaining_time":23.98721602},
{"learn":[0.2034900292],"iteration":101,"passed_time":2.700552151,"remaining_time":23.77544933},
{"learn":[0.20163332],"iteration":102,"passed_time":2.706174822,"remaining_time":23.56736714},
{"learn":[0.1997173952],"iteration":103,"passed_time":2.711971111,"remaining_time":23.36467419},
{"learn":[0.1980812638],"iteration":104,"passed_time":2.717514742,"remaining_time":23.16357804},
{"learn":[0.1964820875],"iteration":105,"passed_time":2.72294064,"remaining_time":22.9651786},
{"learn":[0.1949933198],"iteration":106,"passed_time":2.729475265,"remaining_time":22.77963936},
{"learn":[0.1934278602],"iteration":107,"passed_time":2.735448337,"remaining_time":22.59277701},
{"learn":[0.1918945499],"iteration":108,"passed_time":2.741161103,"remaining_time":22.4071059},
{"learn":[0.1909769785],"iteration":109,"passed_time":2.747784322,"remaining_time":22.23207315},
{"learn":[0.1893691077],"iteration":110,"passed_time":2.753939697,"remaining_time":22.05632784},
{"learn":[0.1882454177],"iteration":111,"passed_time":2.759943295,"remaining_time":21.88240756},
{"learn":[0.1866901902],"iteration":112,"passed_time":2.766217578,"remaining_time":21.713584},
{"learn":[0.1854524494],"iteration":113,"passed_time":2.771962952,"remaining_time":21.54350154},
{"learn":[0.1840330175],"iteration":114,"passed_time":2.777556593,"remaining_time":21.37510944},
{"learn":[0.1823878917],"iteration":115,"passed_time":2.783901394,"remaining_time":21.21524855},
{"learn":[0.1812781338],"iteration":116,"passed_time":2.789664444,"remaining_time":21.0536214},
{"learn":[0.180268202],"iteration":117,"passed_time":2.795793128,"remaining_time":20.89736898},
{"learn":[0.1790486555],"iteration":118,"passed_time":2.801330775,"remaining_time":20.73926398},
{"learn":[0.1783127835],"iteration":119,"passed_time":2.807174644,"remaining_time":20.58594739},
{"learn":[0.1771378828],"iteration":120,"passed_time":2.813713322,"remaining_time":20.44011579},
{"learn":[0.1759414626],"iteration":121,"passed_time":2.820295738,"remaining_time":20.29688244},
{"learn":[0.1748420185],"iteration":122,"passed_time":2.826707317,"remaining_time":20.15465298},
{"learn":[0.1737043049],"iteration":123,"passed_time":2.832145157,"remaining_time":20.00773514},
{"learn":[0.1721329582],"iteration":124,"passed_time":2.838090618,"remaining_time":19.86663433},
{"learn":[0.170818215],"iteration":125,"passed_time":2.843960537,"remaining_time":19.72715483},
{"learn":[0.1696493689],"iteration":126,"passed_time":2.849459457,"remaining_time":19.58722918},
{"learn":[0.1681585607],"iteration":127,"passed_time":2.855260592,"remaining_time":19.45146278},
{"learn":[0.1669519659],"iteration":128,"passed_time":2.861139872,"remaining_time":19.31823898},
{"learn":[0.1658696361],"iteration":129,"passed_time":2.867116938,"remaining_time":19.18762874},
{"learn":[0.1644403878],"iteration":130,"passed_time":2.873172556,"remaining_time":19.05944238},
{"learn":[0.1632603429],"iteration":131,"passed_time":2.878479709,"remaining_time":18.92818475},
{"learn":[0.1619742512],"iteration":132,"passed_time":2.884403728,"remaining_time":18.80284235},
{"learn":[0.160839852],"iteration":133,"passed_time":2.890143575,"remaining_time":18.67809206},
{"learn":[0.1598641888],"iteration":134,"passed_time":2.895550617,"remaining_time":18.55297247},
{"learn":[0.1589385839],"iteration":135,"passed_time":2.902189418,"remaining_time":18.43743866},
{"learn":[0.1577883925],"iteration":136,"passed_time":2.90919841,"remaining_time":18.32582648},
{"learn":[0.1569870293],"iteration":137,"passed_time":2.914997472,"remaining_time":18.20817261},
{"learn":[0.1559895325],"iteration":138,"passed_time":2.920912143,"remaining_time":18.09284428},
{"learn":[0.1548462008],"iteration":139,"passed_time":2.926320466,"remaining_time":17.97596858},
{"learn":[0.1539532492],"iteration":140,"passed_time":2.931876079,"remaining_time":17.86157129},
{"learn":[0.1528664885],"iteration":141,"passed_time":2.937896704,"remaining_time":17.7515167},
{"learn":[0.1519990761],"iteration":142,"passed_time":2.943646584,"remaining_time":17.64129456},
{"learn":[0.1506793534],"iteration":143,"passed_time":2.949099144,"remaining_time":17.53075602},
{"learn":[0.1496997403],"iteration":144,"passed_time":2.955376648,"remaining_time":17.42653127},
{"learn":[0.1485525207],"iteration":145,"passed_time":2.961396901,"remaining_time":17.32214352},
{"learn":[0.1473493218],"iteration":146,"passed_time":2.967588134,"remaining_time":17.22008625},
{"learn":[0.1466964715],"iteration":147,"passed_time":2.97597019,"remaining_time":17.1319365},
{"learn":[0.1456358935],"iteration":148,"passed_time":2.985613068,"remaining_time":17.05205853},
{"learn":[0.1445771328],"iteration":149,"passed_time":2.992240918,"remaining_time":16.95603187},
{"learn":[0.1435543066],"iteration":150,"passed_time":3.000060453,"remaining_time":16.86788957},
{"learn":[0.1425383549],"iteration":151,"passed_time":3.006714165,"remaining_time":16.77430008},
{"learn":[0.1415695263],"iteration":152,"passed_time":3.012791737,"remaining_time":16.67865752},
{"learn":[0.1404254444],"iteration":153,"passed_time":3.018669999,"remaining_time":16.58308324},
{"learn":[0.1394482927],"iteration":154,"passed_time":3.024618889,"remaining_time":16.48905136},
{"learn":[0.1385275515],"iteration":155,"passed_time":3.031015013,"remaining_time":16.3985684},
{"learn":[0.1376459337],"iteration":156,"passed_time":3.036809464,"remaining_time":16.30592597},
{"learn":[0.1368041257],"iteration":157,"passed_time":3.042936334,"remaining_time":16.21615439},
{"learn":[0.1359986967],"iteration":158,"passed_time":3.048882252,"remaining_time":16.12647782},
{"learn":[0.1352857618],"iteration":159,"passed_time":3.054911968,"remaining_time":16.03828783},
{"learn":[0.1344578099],"iteration":160,"passed_time":3.061190161,"remaining_time":15.95241332},
{"learn":[0.1333905877],"iteration":161,"passed_time":3.066435125,"remaining_time":15.86217676},
{"learn":[0.1327294333],"iteration":162,"passed_time":3.070770084,"remaining_time":15.76831019},
{"learn":[0.1321822989],"iteration":163,"passed_time":3.075342112,"remaining_time":15.67674394},
{"learn":[0.1312737487],"iteration":164,"passed_time":3.079890818,"remaining_time":15.58611414},
{"learn":[0.1303839522],"iteration":165,"passed_time":3.084294737,"remaining_time":15.49579404},
{"learn":[0.1295828891],"iteration":166,"passed_time":3.088809358,"remaining_time":15.40705506},
{"learn":[0.1289152957],"iteration":167,"passed_time":3.093383795,"remaining_time":15.31961499},
{"learn":[0.1281035266],"iteration":168,"passed_time":3.097610018,"remaining_time":15.23144334},
{"learn":[0.1272381223],"iteration":169,"passed_time":3.10199645,"remaining_time":15.14504149},
{"learn":[0.1265925131],"iteration":170,"passed_time":3.106406131,"remaining_time":15.0597116},
{"learn":[0.125931046],"iteration":171,"passed_time":3.110871674,"remaining_time":14.97559155},
{"learn":[0.1254643521],"iteration":172,"passed_time":3.115382847,"remaining_time":14.89261049},
{"learn":[0.1247217707],"iteration":173,"passed_time":3.121227238,"remaining_time":14.81686033},
{"learn":[0.1241315054],"iteration":174,"passed_time":3.125998764,"remaining_time":14.73685132},
{"learn":[0.1235162816],"iteration":175,"passed_time":3.132697177,"remaining_time":14.6667186},
{"learn":[0.1229380852],"iteration":176,"passed_time":3.137254669,"remaining_time":14.58734798},
{"learn":[0.1223072923],"iteration":177,"passed_time":3.141489282,"remaining_time":14.50732691},
{"learn":[0.1216070505],"iteration":178,"passed_time":3.145819412,"remaining_time":14.42859071},
{"learn":[0.1211065952],"iteration":179,"passed_time":3.149735655,"remaining_time":14.34879576},
{"learn":[0.1205354128],"iteration":180,"passed_time":3.153913554,"remaining_time":14.27102321},
{"learn":[0.1197144585],"iteration":181,"passed_time":3.158049901,"remaining_time":14.19387263},
{"learn":[0.1190096417],"iteration":182,"passed_time":3.162327387,"remaining_time":14.11815014},
{"learn":[0.1181577579],"iteration":183,"passed_time":3.166636928,"remaining_time":14.04334638},
{"learn":[0.117554485],"iteration":184,"passed_time":3.172193483,"remaining_time":13.97479832},
{"learn":[0.1168664528],"iteration":185,"passed_time":3.177974754,"remaining_time":13.90791102},
{"learn":[0.1161117969],"iteration":186,"passed_time":3.182660549,"remaining_time":13.83691458},
{"learn":[0.1155454593],"iteration":187,"passed_time":3.187639797,"remaining_time":13.76789104},
{"learn":[0.1149049502],"iteration":188,"passed_time":3.192112008,"remaining_time":13.69736952},
{"learn":[0.1143529863],"iteration":189,"passed_time":3.196395013,"remaining_time":13.62673664},
{"learn":[0.1136569115],"iteration":190,"passed_time":3.201223999,"remaining_time":13.55911107},
{"learn":[0.1132301963],"iteration":191,"passed_time":3.205346126,"remaining_time":13.48916495},
{"learn":[0.1127382923],"iteration":192,"passed_time":3.209216148,"remaining_time":13.41884679},
{"learn":[0.1122108564],"iteration":193,"passed_time":3.213368812,"remaining_time":13.35038795},
{"learn":[0.1115362621],"iteration":194,"passed_time":3.217761444,"remaining_time":13.28357929},
{"learn":[0.1108226479],"iteration":195,"passed_time":3.222025653,"remaining_time":13.21688074},
{"learn":[0.1102150487],"iteration":196,"passed_time":3.22621871,"remaining_time":13.15052601},
{"learn":[0.1097374934],"iteration":197,"passed_time":3.230536383,"remaining_time":13.08530394},
{"learn":[0.1092388827],"iteration":198,"passed_time":3.234611582,"remaining_time":13.01971797},
{"learn":[0.1087093815],"iteration":199,"passed_time":3.238692264,"remaining_time":12.95476906},
{"learn":[0.1082231787],"iteration":200,"passed_time":3.242822791,"remaining_time":12.89062393},
{"learn":[0.1076693794],"iteration":201,"passed_time":3.246943721,"remaining_time":12.8270351},
{"learn":[0.1070302213],"iteration":202,"passed_time":3.250970121,"remaining_time":12.76366102},
{"learn":[0.1065344468],"iteration":203,"passed_time":3.255104573,"remaining_time":12.70129039},
{"learn":[0.1059204565],"iteration":204,"passed_time":3.25930586,"remaining_time":12.63974711},
{"learn":[0.1052891874],"iteration":205,"passed_time":3.263612817,"remaining_time":12.57916785},
{"learn":[0.1048255236],"iteration":206,"passed_time":3.267846713,"remaining_time":12.51885238},
{"learn":[0.1042685771],"iteration":207,"passed_time":3.272412886,"remaining_time":12.46034137},
{"learn":[0.1035218764],"iteration":208,"passed_time":3.279040729,"remaining_time":12.41014936},
{"learn":[0.103047518],"iteration":209,"passed_time":3.283396031,"remaining_time":12.35182316},
{"learn":[0.1025624031],"iteration":210,"passed_time":3.287879085,"remaining_time":12.29448625},
{"learn":[0.1021319172],"iteration":211,"passed_time":3.29225209,"remaining_time":12.2372389},
{"learn":[0.1015438643],"iteration":212,"passed_time":3.297111098,"remaining_time":12.18228373},
{"learn":[0.1011475546],"iteration":213,"passed_time":3.301470396,"remaining_time":12.12596136},
{"learn":[0.1003542133],"iteration":214,"passed_time":3.306568533,"remaining_time":12.07281999},
{"learn":[0.09998198919],"iteration":215,"passed_time":3.312219336,"remaining_time":12.02212944},
{"learn":[0.09944914119],"iteration":216,"passed_time":3.316907512,"remaining_time":11.96838056},
{"learn":[0.09893662351],"iteration":217,"passed_time":3.321669958,"remaining_time":11.9153482},
{"learn":[0.09838380907],"iteration":218,"passed_time":3.327327016,"remaining_time":11.86594703},
{"learn":[0.09794281766],"iteration":219,"passed_time":3.33239514,"remaining_time":11.8148555},
{"learn":[0.09743762984],"iteration":220,"passed_time":3.336847712,"remaining_time":11.76201071},
{"learn":[0.09694650442],"iteration":221,"passed_time":3.341518328,"remaining_time":11.71036603},
{"learn":[0.09650704511],"iteration":222,"passed_time":3.345719463,"remaining_time":11.65750683},
{"learn":[0.09592883119],"iteration":223,"passed_time":3.3496805,"remaining_time":11.6042503},
{"learn":[0.09546740595],"iteration":224,"passed_time":3.353661053,"remaining_time":11.55149918},
{"learn":[0.09498074918],"iteration":225,"passed_time":3.358131085,"remaining_time":11.50085602},
{"learn":[0.09438112505],"iteration":226,"passed_time":3.362350719,"remaining_time":11.44976699},
{"learn":[0.0940326768],"iteration":227,"passed_time":3.367079918,"remaining_time":11.40081446},
{"learn":[0.0937074519],"iteration":228,"passed_time":3.37381224,"remaining_time":11.3589923},
{"learn":[0.09333753513],"iteration":229,"passed_time":3.378559201,"remaining_time":11.31082863},
{"learn":[0.09295405619],"iteration":230,"passed_time":3.382817712,"remaining_time":11.26141481},
{"learn":[0.09265343638],"iteration":231,"passed_time":3.388148109,"remaining_time":11.21593857},
{"learn":[0.09221579378],"iteration":232,"passed_time":3.392437514,"remaining_time":11.16738014},
{"learn":[0.09180620157],"iteration":233,"passed_time":3.396750834,"remaining_time":11.11927837},
{"learn":[0.09133186476],"iteration":234,"passed_time":3.401206362,"remaining_time":11.0720122},
{"learn":[0.09085695516],"iteration":235,"passed_time":3.407326498,"remaining_time":11.03049764},
{"learn":[0.09054629831],"iteration":236,"passed_time":3.411822705,"remaining_time":10.98405369},
{"learn":[0.09021652614],"iteration":237,"passed_time":3.416356591,"remaining_time":10.93808287},
{"learn":[0.08975842749],"iteration":238,"passed_time":3.42171309,"remaining_time":10.89507808},
{"learn":[0.08951342049],"iteration":239,"passed_time":3.425998063,"remaining_time":10.84899387},
{"learn":[0.08912055187],"iteration":240,"passed_time":3.43176755,"remaining_time":10.80793183},
{"learn":[0.08872822844],"iteration":241,"passed_time":3.436295164,"remaining_time":10.76327163},
{"learn":[0.08834058009],"iteration":242,"passed_time":3.440248783,"remaining_time":10.71715362},
{"learn":[0.08789429],"iteration":243,"passed_time":3.444341481,"remaining_time":10.67181213},
{"learn":[0.08759553793],"iteration":244,"passed_time":3.44872992,"remaining_time":10.62771873},
{"learn":[0.08720370802],"iteration":245,"passed_time":3.453240593,"remaining_time":10.58432279},
{"learn":[0.08679362924],"iteration":246,"passed_time":3.457352175,"remaining_time":10.54002505},
{"learn":[0.08646424191],"iteration":247,"passed_time":3.461438767,"remaining_time":10.49597562},
{"learn":[0.0859900143],"iteration":248,"passed_time":3.466507983,"remaining_time":10.45521083},
{"learn":[0.08560741213],"iteration":249,"passed_time":3.470616712,"remaining_time":10.41185014},
{"learn":[0.08524229185],"iteration":250,"passed_time":3.475538677,"remaining_time":10.37122896},
{"learn":[0.08494233692],"iteration":251,"passed_time":3.480471179,"remaining_time":10.33092239},
{"learn":[0.0846302418],"iteration":252,"passed_time":3.485252762,"remaining_time":10.29044985},
{"learn":[0.08426286085],"iteration":253,"passed_time":3.489496305,"remaining_time":10.24867813},
{"learn":[0.08388414548],"iteration":254,"passed_time":3.493918653,"remaining_time":10.20772312},
{"learn":[0.08358866926],"iteration":255,"passed_time":3.498760925,"remaining_time":10.16827394},
{"learn":[0.08324300359],"iteration":256,"passed_time":3.503526005,"remaining_time":10.1288709},
{"learn":[0.08293668293],"iteration":257,"passed_time":3.508832117,"remaining_time":10.09129237},
{"learn":[0.08255680446],"iteration":258,"passed_time":3.513808313,"remaining_time":10.05301915},
{"learn":[0.08231740707],"iteration":259,"passed_time":3.518588998,"remaining_time":10.01444561},
{"learn":[0.08189862115],"iteration":260,"passed_time":3.522754278,"remaining_time":9.97438855},
{"learn":[0.08165718815],"iteration":261,"passed_time":3.527669945,"remaining_time":9.936719158},
{"learn":[0.08126787782],"iteration":262,"passed_time":3.531804844,"remaining_time":9.897110913},
{"learn":[0.08100013627],"iteration":263,"passed_time":3.536219574,"remaining_time":9.85855154},
{"learn":[0.08058132828],"iteration":264,"passed_time":3.540645236,"remaining_time":9.820280182},
{"learn":[0.08025469449],"iteration":265,"passed_time":3.545026701,"remaining_time":9.782141347},
{"learn":[0.07987555629],"iteration":266,"passed_time":3.549276887,"remaining_time":9.743894973},
{"learn":[0.07951839319],"iteration":267,"passed_time":3.554081628,"remaining_time":9.707416985},
{"learn":[0.0791811278],"iteration":268,"passed_time":3.558738468,"remaining_time":9.670772565},
{"learn":[0.07882622225],"iteration":269,"passed_time":3.56394992,"remaining_time":9.635864598},
{"learn":[0.07855016732],"iteration":270,"passed_time":3.568123479,"remaining_time":9.598383824},
{"learn":[0.07818590776],"iteration":271,"passed_time":3.573098696,"remaining_time":9.563293568},
{"learn":[0.07792579911],"iteration":272,"passed_time":3.578061645,"remaining_time":9.528391267},
{"learn":[0.07770099472],"iteration":273,"passed_time":3.583147352,"remaining_time":9.494032765},
{"learn":[0.07736356514],"iteration":274,"passed_time":3.588202205,"remaining_time":9.459805814},
{"learn":[0.07703601339],"iteration":275,"passed_time":3.592748714,"remaining_time":9.424456771},
{"learn":[0.07664454651],"iteration":276,"passed_time":3.597370929,"remaining_time":9.389527733},
{"learn":[0.0762527066],"iteration":277,"passed_time":3.601842748,"remaining_time":9.354426129},
{"learn":[0.07593550505],"iteration":278,"passed_time":3.606534152,"remaining_time":9.320111553},
{"learn":[0.07563925747],"iteration":279,"passed_time":3.610898226,"remaining_time":9.285166868},
{"learn":[0.07535007844],"iteration":280,"passed_time":3.615191063,"remaining_time":9.25025756},
{"learn":[0.07501173024],"iteration":281,"passed_time":3.619885573,"remaining_time":9.21658809},
{"learn":[0.0746581837],"iteration":282,"passed_time":3.624109827,"remaining_time":9.181931964},
{"learn":[0.07446847096],"iteration":283,"passed_time":3.628569105,"remaining_time":9.148082673},
{"learn":[0.07424094492],"iteration":284,"passed_time":3.633255342,"remaining_time":9.115009015},
{"learn":[0.0739777798],"iteration":285,"passed_time":3.638146295,"remaining_time":9.082644946},
{"learn":[0.07372408999],"iteration":286,"passed_time":3.642483652,"remaining_time":9.049097016},
{"learn":[0.07343630924],"iteration":287,"passed_time":3.647030293,"remaining_time":9.016269336},
{"learn":[0.07308114812],"iteration":288,"passed_time":3.652064333,"remaining_time":8.984836473},
{"learn":[0.07288726928],"iteration":289,"passed_time":3.656696284,"remaining_time":8.952601246},
{"learn":[0.07262826822],"iteration":290,"passed_time":3.661170779,"remaining_time":8.920172105},
{"learn":[0.07218984394],"iteration":291,"passed_time":3.665637362,"remaining_time":8.887915247},
{"learn":[0.07184012238],"iteration":292,"passed_time":3.670426988,"remaining_time":8.85662758},
{"learn":[0.07142991815],"iteration":293,"passed_time":3.675768624,"remaining_time":8.826845744},
{"learn":[0.07118620229],"iteration":294,"passed_time":3.681284559,"remaining_time":8.79764615},
{"learn":[0.07090434275],"iteration":295,"passed_time":3.688172072,"remaining_time":8.771868711},
{"learn":[0.07070750981],"iteration":296,"passed_time":3.693073368,"remaining_time":8.741517096},
{"learn":[0.07047051587],"iteration":297,"passed_time":3.697725791,"remaining_time":8.710750017},
{"learn":[0.07032728495],"iteration":298,"passed_time":3.703543778,"remaining_time":8.682890263},
{"learn":[0.07011709304],"iteration":299,"passed_time":3.707825037,"remaining_time":8.651591752},
{"learn":[0.06984910967],"iteration":300,"passed_time":3.712812572,"remaining_time":8.622112917},
{"learn":[0.06958056405],"iteration":301,"passed_time":3.717546493,"remaining_time":8.592210106},
{"learn":[0.0693290965],"iteration":302,"passed_time":3.721925001,"remaining_time":8.561655861},
{"learn":[0.06910632413],"iteration":303,"passed_time":3.727084925,"remaining_time":8.533062854},
{"learn":[0.0689183302],"iteration":304,"passed_time":3.731877391,"remaining_time":8.503786187},
{"learn":[0.06871491794],"iteration":305,"passed_time":3.736870865,"remaining_time":8.475125426},
{"learn":[0.0684138534],"iteration":306,"passed_time":3.742374848,"remaining_time":8.447771236},
{"learn":[0.06818338145],"iteration":307,"passed_time":3.747192755,"remaining_time":8.419017488},
{"learn":[0.06785680928],"iteration":308,"passed_time":3.751865554,"remaining_time":8.390094167},
{"learn":[0.06761315393],"iteration":309,"passed_time":3.756582627,"remaining_time":8.361425848},
{"learn":[0.06729480675],"iteration":310,"passed_time":3.761325628,"remaining_time":8.332968996},
{"learn":[0.06707131941],"iteration":311,"passed_time":3.7677243,"remaining_time":8.308315124},
{"learn":[0.06685712624],"iteration":312,"passed_time":3.772490389,"remaining_time":8.280194559},
{"learn":[0.06661414656],"iteration":313,"passed_time":3.777232448,"remaining_time":8.252170254},
{"learn":[0.06639545406],"iteration":314,"passed_time":3.781312693,"remaining_time":8.222854587},
{"learn":[0.06610219665],"iteration":315,"passed_time":3.785501414,"remaining_time":8.19393344},
{"learn":[0.06582478882],"iteration":316,"passed_time":3.790333548,"remaining_time":8.166554615},
{"learn":[0.0656183431],"iteration":317,"passed_time":3.795339708,"remaining_time":8.139690821},
{"learn":[0.06541555101],"iteration":318,"passed_time":3.800988597,"remaining_time":8.114336158},
{"learn":[0.06525266796],"iteration":319,"passed_time":3.80554967,"remaining_time":8.086793048},
{"learn":[0.06499531544],"iteration":320,"passed_time":3.810400868,"remaining_time":8.06000682},
{"learn":[0.06483956791],"iteration":321,"passed_time":3.815328603,"remaining_time":8.033517991},
{"learn":[0.06460403678],"iteration":322,"passed_time":3.820145084,"remaining_time":8.006929479},
{"learn":[0.06440579804],"iteration":323,"passed_time":3.824831584,"remaining_time":7.980204168},
{"learn":[0.06418888018],"iteration":324,"passed_time":3.829167427,"remaining_time":7.952886194},
{"learn":[0.06396741889],"iteration":325,"passed_time":3.834104855,"remaining_time":7.926952982},
{"learn":[0.06382892865],"iteration":326,"passed_time":3.838519234,"remaining_time":7.900071697},
{"learn":[0.06361651322],"iteration":327,"passed_time":3.843230297,"remaining_time":7.873935243},
{"learn":[0.06340919276],"iteration":328,"passed_time":3.847745223,"remaining_time":7.84752901},
{"learn":[0.06324715331],"iteration":329,"passed_time":3.852805998,"remaining_time":7.822363694},
{"learn":[0.06312830312],"iteration":330,"passed_time":3.857330342,"remaining_time":7.796235647},
{"learn":[0.06294990876],"iteration":331,"passed_time":3.861892843,"remaining_time":7.770314515},
{"learn":[0.06278332651],"iteration":332,"passed_time":3.866153923,"remaining_time":7.743917918},
{"learn":[0.06247610965],"iteration":333,"passed_time":3.870333181,"remaining_time":7.717490713},
{"learn":[0.06233367405],"iteration":334,"passed_time":3.87487146,"remaining_time":7.691909017},
{"learn":[0.06207911047],"iteration":335,"passed_time":3.879514775,"remaining_time":7.666660151},
{"learn":[0.0619413908],"iteration":336,"passed_time":3.88369679,"remaining_time":7.640626028},
{"learn":[0.06174650068],"iteration":337,"passed_time":3.888110207,"remaining_time":7.615174429},
{"learn":[0.06159077581],"iteration":338,"passed_time":3.892571288,"remaining_time":7.589939886},
{"learn":[0.06143346575],"iteration":339,"passed_time":3.898680311,"remaining_time":7.568026485},
{"learn":[0.06130766481],"iteration":340,"passed_time":3.903412746,"remaining_time":7.543545453},
{"learn":[0.06112669369],"iteration":341,"passed_time":3.908163256,"remaining_time":7.519214686},
{"learn":[0.06096745747],"iteration":342,"passed_time":3.913154781,"remaining_time":7.495459741},
{"learn":[0.06076706715],"iteration":343,"passed_time":3.918085773,"remaining_time":7.47169845},
{"learn":[0.06057756504],"iteration":344,"passed_time":3.922730607,"remaining_time":7.447503037},
{"learn":[0.06037101694],"iteration":345,"passed_time":3.927188674,"remaining_time":7.42306761},
{"learn":[0.06020487519],"iteration":346,"passed_time":3.931485888,"remaining_time":7.398444626},
{"learn":[0.05994237426],"iteration":347,"passed_time":3.935674209,"remaining_time":7.373734437},
{"learn":[0.05981187362],"iteration":348,"passed_time":3.939758996,"remaining_time":7.348948729},
{"learn":[0.05964757012],"iteration":349,"passed_time":3.944310949,"remaining_time":7.325148904},
{"learn":[0.05949391615],"iteration":350,"passed_time":3.949023111,"remaining_time":7.301754984},
{"learn":[0.05935686723],"iteration":351,"passed_time":3.953852103,"remaining_time":7.278682281},
{"learn":[0.05915979391],"iteration":352,"passed_time":3.958447504,"remaining_time":7.255284801},
{"learn":[0.05898010551],"iteration":353,"passed_time":3.962833807,"remaining_time":7.231611976},
{"learn":[0.05879851804],"iteration":354,"passed_time":3.967082192,"remaining_time":7.207797222},
{"learn":[0.05861112226],"iteration":355,"passed_time":3.971224781,"remaining_time":7.183901008},
{"learn":[0.05840717977],"iteration":356,"passed_time":3.975690739,"remaining_time":7.160697886},
{"learn":[0.0581746105],"iteration":357,"passed_time":3.979974008,"remaining_time":7.137271824},
{"learn":[0.05808607648],"iteration":358,"passed_time":3.984260427,"remaining_time":7.113958033},
{"learn":[0.05785679206],"iteration":359,"passed_time":3.988709597,"remaining_time":7.091039284},
{"learn":[0.05772658259],"iteration":360,"passed_time":3.992985688,"remaining_time":7.067916494},
{"learn":[0.0576468086],"iteration":361,"passed_time":3.997464079,"remaining_time":7.045254372},
{"learn":[0.05748761734],"iteration":362,"passed_time":4.001924836,"remaining_time":7.022661489},
{"learn":[0.05728321515],"iteration":363,"passed_time":4.006617377,"remaining_time":7.00057322},
{"learn":[0.05709732527],"iteration":364,"passed_time":4.01120353,"remaining_time":6.978395183},
{"learn":[0.05700245208],"iteration":365,"passed_time":4.01529961,"remaining_time":6.955464351},
{"learn":[0.0568142616],"iteration":366,"passed_time":4.019501056,"remaining_time":6.932817898},
{"learn":[0.05661735443],"iteration":367,"passed_time":4.023943398,"remaining_time":6.9106854},
{"learn":[0.05647634583],"iteration":368,"passed_time":4.028212704,"remaining_time":6.888352889},
{"learn":[0.05632984143],"iteration":369,"passed_time":4.032430622,"remaining_time":6.866030518},
{"learn":[0.05613832003],"iteration":370,"passed_time":4.0369674,"remaining_time":6.844346346},
{"learn":[0.055978981],"iteration":371,"passed_time":4.041478432,"remaining_time":6.822710902},
{"learn":[0.05589892947],"iteration":372,"passed_time":4.045736014,"remaining_time":6.800741235},
{"learn":[0.05573306401],"iteration":373,"passed_time":4.050216338,"remaining_time":6.779239111},
{"learn":[0.05553702612],"iteration":374,"passed_time":4.055032425,"remaining_time":6.758387374},
{"learn":[0.05536483327],"iteration":375,"passed_time":4.059743754,"remaining_time":6.737447081},
{"learn":[0.05524437963],"iteration":376,"passed_time":4.064362316,"remaining_time":6.716439584},
{"learn":[0.05512680258],"iteration":377,"passed_time":4.069508911,"remaining_time":6.69638768},
{"learn":[0.05489611578],"iteration":378,"passed_time":4.07408565,"remaining_time":6.675480709},
{"learn":[0.05478049254],"iteration":379,"passed_time":4.078560833,"remaining_time":6.65449399},
{"learn":[0.0545862817],"iteration":380,"passed_time":4.083199935,"remaining_time":6.633860262},
{"learn":[0.05439929685],"iteration":381,"passed_time":4.087464817,"remaining_time":6.612704861},
{"learn":[0.05424691265],"iteration":382,"passed_time":4.091672122,"remaining_time":6.591544907},
{"learn":[0.05414261364],"iteration":383,"passed_time":4.095769729,"remaining_time":6.570297274},
{"learn":[0.05399824748],"iteration":384,"passed_time":4.100067828,"remaining_time":6.549458998},
{"learn":[0.05379927338],"iteration":385,"passed_time":4.104265826,"remaining_time":6.528547195},
{"learn":[0.05370930671],"iteration":386,"passed_time":4.108439892,"remaining_time":6.507683859},
{"learn":[0.05358880067],"iteration":387,"passed_time":4.112884307,"remaining_time":6.48733298},
{"learn":[0.05350037548],"iteration":388,"passed_time":4.117357514,"remaining_time":6.467109103},
{"learn":[0.05338047923],"iteration":389,"passed_time":4.121966537,"remaining_time":6.447178429},
{"learn":[0.05318199164],"iteration":390,"passed_time":4.126548188,"remaining_time":6.427283494},
{"learn":[0.05303846592],"iteration":391,"passed_time":4.130715605,"remaining_time":6.406824203},
{"learn":[0.0528616849],"iteration":392,"passed_time":4.134967106,"remaining_time":6.386577693},
{"learn":[0.05265248315],"iteration":393,"passed_time":4.139276834,"remaining_time":6.366501933},
{"learn":[0.05251694312],"iteration":394,"passed_time":4.144031328,"remaining_time":6.347187224},
{"learn":[0.0524013575],"iteration":395,"passed_time":4.148642331,"remaining_time":6.327727191},
{"learn":[0.05217903409],"iteration":396,"passed_time":4.153084428,"remaining_time":6.308085416},
{"learn":[0.05204109911],"iteration":397,"passed_time":4.157874973,"remaining_time":6.28904707},
{"learn":[0.05186255792],"iteration":398,"passed_time":4.162838153,"remaining_time":6.270340176},
{"learn":[0.05172862226],"iteration":399,"passed_time":4.167675999,"remaining_time":6.251513999},
{"learn":[0.05161996744],"iteration":400,"passed_time":4.172572695,"remaining_time":6.232845497},
{"learn":[0.05146951503],"iteration":401,"passed_time":4.178405629,"remaining_time":6.215638224},
{"learn":[0.05132096658],"iteration":402,"passed_time":4.182756341,"remaining_time":6.196291651},
{"learn":[0.05116578967],"iteration":403,"passed_time":4.186682718,"remaining_time":6.176393316},
{"learn":[0.05101879814],"iteration":404,"passed_time":4.191456356,"remaining_time":6.157818597},
{"learn":[0.05091821184],"iteration":405,"passed_time":4.197260774,"remaining_time":6.14081995},
{"learn":[0.05086500155],"iteration":406,"passed_time":4.202124378,"remaining_time":6.122505543},
{"learn":[0.05077458832],"iteration":407,"passed_time":4.20725312,"remaining_time":6.104641783},
{"learn":[0.05060689485],"iteration":408,"passed_time":4.212051027,"remaining_time":6.086362242},
{"learn":[0.05050413786],"iteration":409,"passed_time":4.216643686,"remaining_time":6.067853109},
{"learn":[0.05036182858],"iteration":410,"passed_time":4.221717017,"remaining_time":6.050100543},
{"learn":[0.05020329372],"iteration":411,"passed_time":4.226262773,"remaining_time":6.031656579},
{"learn":[0.05002852087],"iteration":412,"passed_time":4.230859274,"remaining_time":6.013352043},
{"learn":[0.04988768388],"iteration":413,"passed_time":4.235271303,"remaining_time":5.994852617},
{"learn":[0.04974042859],"iteration":414,"passed_time":4.239860145,"remaining_time":5.976670325},
{"learn":[0.04958810125],"iteration":415,"passed_time":4.24409934,"remaining_time":5.958062535},
{"learn":[0.04939470083],"iteration":416,"passed_time":4.248760481,"remaining_time":5.940113574},
{"learn":[0.04929557468],"iteration":417,"passed_time":4.253958299,"remaining_time":5.922975431},
{"learn":[0.04917376702],"iteration":418,"passed_time":4.259021527,"remaining_time":5.905707655},
{"learn":[0.04906252355],"iteration":419,"passed_time":4.263382743,"remaining_time":5.88752855},
{"learn":[0.04888375822],"iteration":420,"passed_time":4.268238967,"remaining_time":5.870095871},
{"learn":[0.04882822602],"iteration":421,"passed_time":4.273709296,"remaining_time":5.853563918},
{"learn":[0.04868162383],"iteration":422,"passed_time":4.278440673,"remaining_time":5.836076285},
{"learn":[0.04859051038],"iteration":423,"passed_time":4.282644949,"remaining_time":5.817932762},
{"learn":[0.04845356493],"iteration":424,"passed_time":4.287443509,"remaining_time":5.800658865},
{"learn":[0.04829779043],"iteration":425,"passed_time":4.291491065,"remaining_time":5.782431623},
{"learn":[0.04819398268],"iteration":426,"passed_time":4.295579678,"remaining_time":5.764325892},
{"learn":[0.04809241813],"iteration":427,"passed_time":4.29977564,"remaining_time":5.746429127},
{"learn":[0.04794336251],"iteration":428,"passed_time":4.305862164,"remaining_time":5.731112577},
{"learn":[0.04780852141],"iteration":429,"passed_time":4.310818505,"remaining_time":5.714340809},
{"learn":[0.04767872911],"iteration":430,"passed_time":4.315417804,"remaining_time":5.697152507},
{"learn":[0.0475396681],"iteration":431,"passed_time":4.320143801,"remaining_time":5.680189072},
{"learn":[0.0473716843],"iteration":432,"passed_time":4.324778802,"remaining_time":5.663163004},
{"learn":[0.04725597113],"iteration":433,"passed_time":4.329558863,"remaining_time":5.646383217},
{"learn":[0.04720454349],"iteration":434,"passed_time":4.334236655,"remaining_time":5.62952577},
{"learn":[0.04706586507],"iteration":435,"passed_time":4.338901628,"remaining_time":5.612707611},
{"learn":[0.04695957512],"iteration":436,"passed_time":4.343231836,"remaining_time":5.595513784},
{"learn":[0.04685944171],"iteration":437,"passed_time":4.34776514,"remaining_time":5.578639289},
{"learn":[0.04666293324],"iteration":438,"passed_time":4.351956247,"remaining_time":5.561383724},
{"learn":[0.04651357453],"iteration":439,"passed_time":4.356589874,"remaining_time":5.544750749},
{"learn":[0.04643225938],"iteration":440,"passed_time":4.361268239,"remaining_time":5.528228902},
{"learn":[0.04628504939],"iteration":441,"passed_time":4.365839906,"remaining_time":5.511625945},
{"learn":[0.04622451381],"iteration":442,"passed_time":4.370376573,"remaining_time":5.495033298},
{"learn":[0.04614403259],"iteration":443,"passed_time":4.374552865,"remaining_time":5.478043677},
{"learn":[0.04601906724],"iteration":444,"passed_time":4.379073151,"remaining_time":5.461540672},
{"learn":[0.04588002533],"iteration":445,"passed_time":4.383417499,"remaining_time":5.444872857},
{"learn":[0.04580667161],"iteration":446,"passed_time":4.388002867,"remaining_time":5.428558357},
{"learn":[0.04573735238],"iteration":447,"passed_time":4.393231596,"remaining_time":5.413088931},
{"learn":[0.0456102873],"iteration":448,"passed_time":4.398075776,"remaining_time":5.397193213},
{"learn":[0.04554298137],"iteration":449,"passed_time":4.40248224,"remaining_time":5.380811627},
{"learn":[0.04539531546],"iteration":450,"passed_time":4.406986854,"remaining_time":5.364602623},
{"learn":[0.0452823541],"iteration":451,"passed_time":4.412186657,"remaining_time":5.349288248},
{"learn":[0.04515005791],"iteration":452,"passed_time":4.417106698,"remaining_time":5.333680715},
{"learn":[0.04498333492],"iteration":453,"passed_time":4.422199446,"remaining_time":5.318327968},
{"learn":[0.0448762843],"iteration":454,"passed_time":4.426787156,"remaining_time":5.302415384},
{"learn":[0.04478763918],"iteration":455,"passed_time":4.431086415,"remaining_time":5.286208355},
{"learn":[0.04470567761],"iteration":456,"passed_time":4.43561178,"remaining_time":5.270322093},
{"learn":[0.04463293178],"iteration":457,"passed_time":4.440341991,"remaining_time":5.254727858},
{"learn":[0.04453887241],"iteration":458,"passed_time":4.444704972,"remaining_time":5.238748127},
{"learn":[0.04435095339],"iteration":459,"passed_time":4.448754441,"remaining_time":5.222450865},
{"learn":[0.04424630643],"iteration":460,"passed_time":4.453583917,"remaining_time":5.207118723},
{"learn":[0.04408882882],"iteration":461,"passed_time":4.458420875,"remaining_time":5.191840759},
{"learn":[0.04398063257],"iteration":462,"passed_time":4.463084532,"remaining_time":5.176406897},
{"learn":[0.04386257548],"iteration":463,"passed_time":4.46769403,"remaining_time":5.160956897},
{"learn":[0.04372951155],"iteration":464,"passed_time":4.47229706,"remaining_time":5.14554608},
{"learn":[0.04365658578],"iteration":465,"passed_time":4.476753666,"remaining_time":5.130013858},
{"learn":[0.04354454763],"iteration":466,"passed_time":4.481085751,"remaining_time":5.114386949},
{"learn":[0.04345785672],"iteration":467,"passed_time":4.486194945,"remaining_time":5.099691689},
{"learn":[0.04332967658],"iteration":468,"passed_time":4.490405064,"remaining_time":5.08401938},
{"learn":[0.04320143274],"iteration":469,"passed_time":4.494620121,"remaining_time":5.068401413},
{"learn":[0.04313144949],"iteration":470,"passed_time":4.498854228,"remaining_time":5.052853263},
{"learn":[0.04303393513],"iteration":471,"passed_time":4.503590841,"remaining_time":5.037915179},
{"learn":[0.04293555936],"iteration":472,"passed_time":4.508427301,"remaining_time":5.023131475},
{"learn":[0.0428592286],"iteration":473,"passed_time":4.513264977,"remaining_time":5.008391093},
{"learn":[0.04272886826],"iteration":474,"passed_time":4.517795775,"remaining_time":4.993353225},
{"learn":[0.04255644628],"iteration":475,"passed_time":4.522181314,"remaining_time":4.978199598},
{"learn":[0.04247773751],"iteration":476,"passed_time":4.526286376,"remaining_time":4.962783595},
{"learn":[0.04236490202],"iteration":477,"passed_time":4.530546617,"remaining_time":4.947584381},
{"learn":[0.04228281357],"iteration":478,"passed_time":4.535126595,"remaining_time":4.932778614},
{"learn":[0.04216522514],"iteration":479,"passed_time":4.539749148,"remaining_time":4.918061577},
{"learn":[0.042075675],"iteration":480,"passed_time":4.544600888,"remaining_time":4.903633806},
{"learn":[0.04195376952],"iteration":481,"passed_time":4.549320618,"remaining_time":4.889103901},
{"learn":[0.04185118841],"iteration":482,"passed_time":4.55343898,"remaining_time":4.873970916},
{"learn":[0.04174292723],"iteration":483,"passed_time":4.557800506,"remaining_time":4.859142689},
{"learn":[0.0416270645],"iteration":484,"passed_time":4.562878585,"remaining_time":4.845118498},
{"learn":[0.04151734612],"iteration":485,"passed_time":4.567703124,"remaining_time":4.830862975},
{"learn":[0.04142921344],"iteration":486,"passed_time":4.572061236,"remaining_time":4.816154854},
{"learn":[0.041333433],"iteration":487,"passed_time":4.576294685,"remaining_time":4.801358358},
{"learn":[0.04127670823],"iteration":488,"passed_time":4.581017091,"remaining_time":4.787116019},
{"learn":[0.0411764527],"iteration":489,"passed_time":4.585712869,"remaining_time":4.772884823},
{"learn":[0.04107814946],"iteration":490,"passed_time":4.590597974,"remaining_time":4.758888735},
{"learn":[0.04096589814],"iteration":491,"passed_time":4.595316167,"remaining_time":4.744757344},
{"learn":[0.0408931212],"iteration":492,"passed_time":4.599557365,"remaining_time":4.730173599},
{"learn":[0.04079409286],"iteration":493,"passed_time":4.603779146,"remaining_time":4.715611838},
{"learn":[0.0407225297],"iteration":494,"passed_time":4.608263911,"remaining_time":4.701360152},
{"learn":[0.04057482008],"iteration":495,"passed_time":4.613392824,"remaining_time":4.687802386},
{"learn":[0.04048867105],"iteration":496,"passed_time":4.617899482,"remaining_time":4.673648771},
{"learn":[0.04035860304],"iteration":497,"passed_time":4.622231033,"remaining_time":4.659357386},
{"learn":[0.04023781399],"iteration":498,"passed_time":4.626978993,"remaining_time":4.645523999},
{"learn":[0.04011653305],"iteration":499,"passed_time":4.631840987,"remaining_time":4.631840987},
{"learn":[0.03999534533],"iteration":500,"passed_time":4.6362662,"remaining_time":4.617758151},
{"learn":[0.03989098267],"iteration":501,"passed_time":4.640853593,"remaining_time":4.60387468},
{"learn":[0.03979362241],"iteration":502,"passed_time":4.64568697,"remaining_time":4.590271221},
{"learn":[0.03970554467],"iteration":503,"passed_time":4.651061386,"remaining_time":4.577235015},
{"learn":[0.03962805272],"iteration":504,"passed_time":4.655860784,"remaining_time":4.563665521},
{"learn":[0.03954930555],"iteration":505,"passed_time":4.662930796,"remaining_time":4.552347457},
{"learn":[0.03944666368],"iteration":506,"passed_time":4.66822396,"remaining_time":4.539318368},
{"learn":[0.0393806771],"iteration":507,"passed_time":4.673767608,"remaining_time":4.526562329},
{"learn":[0.0392757588],"iteration":508,"passed_time":4.680665452,"remaining_time":4.515140937},
{"learn":[0.03915145267],"iteration":509,"passed_time":4.685306117,"remaining_time":4.501568622},
{"learn":[0.03909157576],"iteration":510,"passed_time":4.689700706,"remaining_time":4.487795783},
{"learn":[0.03901386327],"iteration":511,"passed_time":4.69410014,"remaining_time":4.474064196},
{"learn":[0.03889296349],"iteration":512,"passed_time":4.698467071,"remaining_time":4.460338136},
{"learn":[0.03877893509],"iteration":513,"passed_time":4.703829909,"remaining_time":4.447590147},
{"learn":[0.03867415039],"iteration":514,"passed_time":4.70934014,"remaining_time":4.435009646},
{"learn":[0.03863779474],"iteration":515,"passed_time":4.714257975,"remaining_time":4.421900891},
{"learn":[0.03853744146],"iteration":516,"passed_time":4.719172333,"remaining_time":4.408820574},
{"learn":[0.03841755287],"iteration":517,"passed_time":4.723725413,"remaining_time":4.395435616},
{"learn":[0.03832471689],"iteration":518,"passed_time":4.728118328,"remaining_time":4.381936254},
{"learn":[0.03818106593],"iteration":519,"passed_time":4.732621329,"remaining_time":4.368573535},
{"learn":[0.03807759868],"iteration":520,"passed_time":4.737221965,"remaining_time":4.35533459},
{"learn":[0.03795927322],"iteration":521,"passed_time":4.74225128,"remaining_time":4.342521287},
{"learn":[0.03788180685],"iteration":522,"passed_time":4.746886043,"remaining_time":4.329377901},
{"learn":[0.03777138832],"iteration":523,"passed_time":4.751759852,"remaining_time":4.31648414},
{"learn":[0.03770856419],"iteration":524,"passed_time":4.757231426,"remaining_time":4.304161766},
{"learn":[0.03759971786],"iteration":525,"passed_time":4.76393108,"remaining_time":4.292972114},
{"learn":[0.03758413596],"iteration":526,"passed_time":4.768789909,"remaining_time":4.2801473},
{"learn":[0.03745435839],"iteration":527,"passed_time":4.774236742,"remaining_time":4.267878299},
{"learn":[0.03740417356],"iteration":528,"passed_time":4.779841828,"remaining_time":4.255775994},
{"learn":[0.03726595129],"iteration":529,"passed_time":4.784136143,"remaining_time":4.242535825},
{"learn":[0.03715659583],"iteration":530,"passed_time":4.788510101,"remaining_time":4.229399694},
{"learn":[0.03706831519],"iteration":531,"passed_time":4.792800415,"remaining_time":4.216222922},
{"learn":[0.03699787995],"iteration":532,"passed_time":4.79792097,"remaining_time":4.203806929},
{"learn":[0.03692949855],"iteration":533,"passed_time":4.802348561,"remaining_time":4.190813538},
{"learn":[0.03682609217],"iteration":534,"passed_time":4.806729179,"remaining_time":4.177811343},
{"learn":[0.03675726002],"iteration":535,"passed_time":4.811164179,"remaining_time":4.164888394},
{"learn":[0.03667496166],"iteration":536,"passed_time":4.81612861,"remaining_time":4.152453532},
{"learn":[0.03655968359],"iteration":537,"passed_time":4.820899496,"remaining_time":4.139880237},
{"learn":[0.0364537756],"iteration":538,"passed_time":4.825812012,"remaining_time":4.127457027},
{"learn":[0.03632817208],"iteration":539,"passed_time":4.830089059,"remaining_time":4.114520309},
{"learn":[0.0362701307],"iteration":540,"passed_time":4.834477197,"remaining_time":4.101709859},
{"learn":[0.036162876],"iteration":541,"passed_time":4.838920362,"remaining_time":4.088976985},
{"learn":[0.03609594169],"iteration":542,"passed_time":4.843771226,"remaining_time":4.076617772},
{"learn":[0.03599792608],"iteration":543,"passed_time":4.848453204,"remaining_time":4.064144597},
{"learn":[0.03590155661],"iteration":544,"passed_time":4.852774921,"remaining_time":4.051399246},
{"learn":[0.03579565637],"iteration":545,"passed_time":4.857582185,"remaining_time":4.039088483},
{"learn":[0.0357221393],"iteration":546,"passed_time":4.862376875,"remaining_time":4.026794743},
{"learn":[0.03563420678],"iteration":547,"passed_time":4.866626792,"remaining_time":4.014079033},
{"learn":[0.03553304166],"iteration":548,"passed_time":4.871210656,"remaining_time":4.001668499},
{"learn":[0.0354868835],"iteration":549,"passed_time":4.875588223,"remaining_time":3.989117637},
{"learn":[0.03539549869],"iteration":550,"passed_time":4.879871254,"remaining_time":3.976519407},
{"learn":[0.03528153233],"iteration":551,"passed_time":4.884093636,"remaining_time":3.963902082},
{"learn":[0.03519850349],"iteration":552,"passed_time":4.889470275,"remaining_time":3.952248125},
{"learn":[0.03515336471],"iteration":553,"passed_time":4.894150732,"remaining_time":3.940056365},
{"learn":[0.03506884194],"iteration":554,"passed_time":4.898772894,"remaining_time":3.927844933},
{"learn":[0.03501510897],"iteration":555,"passed_time":4.903623061,"remaining_time":3.915842876},
{"learn":[0.03494194553],"iteration":556,"passed_time":4.908643288,"remaining_time":3.904001754},
{"learn":[0.03482338166],"iteration":557,"passed_time":4.913203111,"remaining_time":3.891820386},
{"learn":[0.03477218317],"iteration":558,"passed_time":4.917586475,"remaining_time":3.879527076},
{"learn":[0.03468238705],"iteration":559,"passed_time":4.922048704,"remaining_time":3.867323982},
{"learn":[0.0346217004],"iteration":560,"passed_time":4.926589464,"remaining_time":3.855209937},
{"learn":[0.03455975297],"iteration":561,"passed_time":4.930775314,"remaining_time":3.842846241},
{"learn":[0.0344896591],"iteration":562,"passed_time":4.935259563,"remaining_time":3.830743213},
{"learn":[0.0344033547],"iteration":563,"passed_time":4.939464511,"remaining_time":3.818451289},
{"learn":[0.0343242914],"iteration":564,"passed_time":4.943828391,"remaining_time":3.806310354},
{"learn":[0.03426722949],"iteration":565,"passed_time":4.948379707,"remaining_time":3.794340623},
{"learn":[0.03418939275],"iteration":566,"passed_time":4.953008553,"remaining_time":3.782456267},
{"learn":[0.0341154375],"iteration":567,"passed_time":4.957634344,"remaining_time":3.770595135},
{"learn":[0.03406012582],"iteration":568,"passed_time":4.962187199,"remaining_time":3.758704187},
{"learn":[0.03396558822],"iteration":569,"passed_time":4.967037328,"remaining_time":3.747063248},
{"learn":[0.03390690551],"iteration":570,"passed_time":4.97142394,"remaining_time":3.735097846},
{"learn":[0.03384162487],"iteration":571,"passed_time":4.97604739,"remaining_time":3.723336159},
{"learn":[0.03380245846],"iteration":572,"passed_time":4.980603782,"remaining_time":3.711549415},
{"learn":[0.03372199297],"iteration":573,"passed_time":4.984913773,"remaining_time":3.699604995},
{"learn":[0.03366643322],"iteration":574,"passed_time":4.98913452,"remaining_time":3.687621167},
{"learn":[0.03359574416],"iteration":575,"passed_time":4.993919088,"remaining_time":3.676079329},
{"learn":[0.03353488867],"iteration":576,"passed_time":4.998495942,"remaining_time":3.664408637},
{"learn":[0.03348236758],"iteration":577,"passed_time":5.003853468,"remaining_time":3.653332463},
{"learn":[0.03340520247],"iteration":578,"passed_time":5.008025484,"remaining_time":3.641414039},
{"learn":[0.03332953464],"iteration":579,"passed_time":5.012471257,"remaining_time":3.629720565},
{"learn":[0.0332526069],"iteration":580,"passed_time":5.016616315,"remaining_time":3.617835174},
{"learn":[0.03318471498],"iteration":581,"passed_time":5.020870324,"remaining_time":3.606054631},
{"learn":[0.03312717049],"iteration":582,"passed_time":5.025832001,"remaining_time":3.594806079},
{"learn":[0.03303688263],"iteration":583,"passed_time":5.030250051,"remaining_time":3.583191817},
{"learn":[0.03296765685],"iteration":584,"passed_time":5.034692842,"remaining_time":3.571619709},
{"learn":[0.03289727506],"iteration":585,"passed_time":5.038825567,"remaining_time":3.559852875},
{"learn":[0.03279983446],"iteration":586,"passed_time":5.043830161,"remaining_time":3.54872548},
{"learn":[0.03272554349],"iteration":587,"passed_time":5.048458631,"remaining_time":3.537355367},
{"learn":[0.03267335761],"iteration":588,"passed_time":5.05365214,"remaining_time":3.526402427},
{"learn":[0.03264734325],"iteration":589,"passed_time":5.058792751,"remaining_time":3.51543225},
{"learn":[0.03259206441],"iteration":590,"passed_time":5.06372181,"remaining_time":3.504335398},
{"learn":[0.03250749888],"iteration":591,"passed_time":5.068299614,"remaining_time":3.493017302},
{"learn":[0.03245432049],"iteration":592,"passed_time":5.072791828,"remaining_time":3.481663194},
{"learn":[0.0324073898],"iteration":593,"passed_time":5.077535043,"remaining_time":3.47050375},
{"learn":[0.03231427361],"iteration":594,"passed_time":5.082058372,"remaining_time":3.459216203},
{"learn":[0.03222905167],"iteration":595,"passed_time":5.086612143,"remaining_time":3.44797199},
{"learn":[0.03216131115],"iteration":596,"passed_time":5.091164175,"remaining_time":3.436749016},
{"learn":[0.03207367314],"iteration":597,"passed_time":5.095396883,"remaining_time":3.425333691},
{"learn":[0.03200619803],"iteration":598,"passed_time":5.099571431,"remaining_time":3.413903412},
{"learn":[0.03190867643],"iteration":599,"passed_time":5.103627692,"remaining_time":3.402418461},
{"learn":[0.0318584059],"iteration":600,"passed_time":5.108198322,"remaining_time":3.391299718},
{"learn":[0.03181297106],"iteration":601,"passed_time":5.112208484,"remaining_time":3.379832187},
{"learn":[0.03173116158],"iteration":602,"passed_time":5.1169902,"remaining_time":3.368897362},
{"learn":[0.03166004241],"iteration":603,"passed_time":5.121424592,"remaining_time":3.357755196},
{"learn":[0.03158039993],"iteration":604,"passed_time":5.125808614,"remaining_time":3.346602319},
{"learn":[0.03155062739],"iteration":605,"passed_time":5.129852913,"remaining_time":3.335250904},
{"learn":[0.03147664291],"iteration":606,"passed_time":5.134003924,"remaining_time":3.323992656},
{"learn":[0.0314200717],"iteration":607,"passed_time":5.138137536,"remaining_time":3.312746569},
{"learn":[0.03133073705],"iteration":608,"passed_time":5.14246761,"remaining_time":3.301649976},
{"learn":[0.03125031418],"iteration":609,"passed_time":5.146874893,"remaining_time":3.290624932},
{"learn":[0.03120252554],"iteration":610,"passed_time":5.151025956,"remaining_time":3.279458424},
{"learn":[0.03115057458],"iteration":611,"passed_time":5.155535319,"remaining_time":3.268542},
{"learn":[0.03107910997],"iteration":612,"passed_time":5.159624606,"remaining_time":3.257381276},
{"learn":[0.0310435685],"iteration":613,"passed_time":5.16392044,"remaining_time":3.246373436},
{"learn":[0.03101026448],"iteration":614,"passed_time":5.168662215,"remaining_time":3.23566659},
{"learn":[0.03094580597],"iteration":615,"passed_time":5.17328131,"remaining_time":3.224902635},
{"learn":[0.03091511246],"iteration":616,"passed_time":5.177805049,"remaining_time":3.214099406},
{"learn":[0.03083698386],"iteration":617,"passed_time":5.182446908,"remaining_time":3.203389513},
{"learn":[0.03075722984],"iteration":618,"passed_time":5.186855154,"remaining_time":3.192555434},
{"learn":[0.03071155816],"iteration":619,"passed_time":5.191437646,"remaining_time":3.18184888},
{"learn":[0.03063041323],"iteration":620,"passed_time":5.196019697,"remaining_time":3.17116178},
{"learn":[0.03059228885],"iteration":621,"passed_time":5.201198146,"remaining_time":3.160856751},
{"learn":[0.03053535249],"iteration":622,"passed_time":5.205811276,"remaining_time":3.150226085},
{"learn":[0.0304683933],"iteration":623,"passed_time":5.210279441,"remaining_time":3.139527355},
{"learn":[0.03043922226],"iteration":624,"passed_time":5.215655119,"remaining_time":3.129393072},
{"learn":[0.03037633882],"iteration":625,"passed_time":5.221283621,"remaining_time":3.119425039},
{"learn":[0.03031961752],"iteration":626,"passed_time":5.226478956,"remaining_time":3.109213159},
{"learn":[0.03025551425],"iteration":627,"passed_time":5.230675171,"remaining_time":3.09842542},
{"learn":[0.03022075131],"iteration":628,"passed_time":5.235614808,"remaining_time":3.088097128},
{"learn":[0.03016132366],"iteration":629,"passed_time":5.239962631,"remaining_time":3.077438371},
{"learn":[0.03010450608],"iteration":630,"passed_time":5.244242292,"remaining_time":3.066759756},
{"learn":[0.03002180799],"iteration":631,"passed_time":5.250374327,"remaining_time":3.057179988},
{"learn":[0.02993995819],"iteration":632,"passed_time":5.254522597,"remaining_time":3.046460968},
{"learn":[0.02989644065],"iteration":633,"passed_time":5.258793469,"remaining_time":3.035833454},
{"learn":[0.029849672],"iteration":634,"passed_time":5.263890085,"remaining_time":3.0257006},
{"learn":[0.02980719423],"iteration":635,"passed_time":5.268370317,"remaining_time":3.01523081},
{"learn":[0.02975042746],"iteration":636,"passed_time":5.272815297,"remaining_time":3.004759738},
{"learn":[0.02969889671],"iteration":637,"passed_time":5.27755463,"remaining_time":2.99447457},
{"learn":[0.02964209965],"iteration":638,"passed_time":5.282662497,"remaining_time":2.984414963},
{"learn":[0.0295673813],"iteration":639,"passed_time":5.287395415,"remaining_time":2.974159921},
{"learn":[0.02950284114],"iteration":640,"passed_time":5.292613429,"remaining_time":2.964193792},
{"learn":[0.02945075867],"iteration":641,"passed_time":5.297789248,"remaining_time":2.954218927},
{"learn":[0.02940046258],"iteration":642,"passed_time":5.302253145,"remaining_time":2.943863721},
{"learn":[0.02934678749],"iteration":643,"passed_time":5.306850384,"remaining_time":2.933600523},
{"learn":[0.02931164643],"iteration":644,"passed_time":5.311105777,"remaining_time":2.923166745},
{"learn":[0.02925606176],"iteration":645,"passed_time":5.315114313,"remaining_time":2.912616821},
{"learn":[0.02922392116],"iteration":646,"passed_time":5.3193258,"remaining_time":2.902197847},
{"learn":[0.02918736943],"iteration":647,"passed_time":5.324206119,"remaining_time":2.892161348},
{"learn":[0.02913351393],"iteration":648,"passed_time":5.32895372,"remaining_time":2.882068961},
{"learn":[0.029069026],"iteration":649,"passed_time":5.333736963,"remaining_time":2.872012211},
{"learn":[0.02901539499],"iteration":650,"passed_time":5.338677224,"remaining_time":2.862055839},
{"learn":[0.02894145198],"iteration":651,"passed_time":5.343716347,"remaining_time":2.852167621},
{"learn":[0.02886905068],"iteration":652,"passed_time":5.348515977,"remaining_time":2.842166989},
{"learn":[0.02881557143],"iteration":653,"passed_time":5.352919188,"remaining_time":2.831972537},
{"learn":[0.02873982858],"iteration":654,"passed_time":5.357068684,"remaining_time":2.821662131},
{"learn":[0.02868732083],"iteration":655,"passed_time":5.361376241,"remaining_time":2.811453395},
{"learn":[0.02863863709],"iteration":656,"passed_time":5.365957964,"remaining_time":2.801405756},
{"learn":[0.02857833417],"iteration":657,"passed_time":5.370436723,"remaining_time":2.791321215},
{"learn":[0.02851921569],"iteration":658,"passed_time":5.375138441,"remaining_time":2.781369057},
{"learn":[0.02844852869],"iteration":659,"passed_time":5.380072183,"remaining_time":2.771552337},
{"learn":[0.02838624564],"iteration":660,"passed_time":5.38904916,"remaining_time":2.763824002},
{"learn":[0.02831500401],"iteration":661,"passed_time":5.394051567,"remaining_time":2.754062583},
{"learn":[0.0282781427],"iteration":662,"passed_time":5.398618179,"remaining_time":2.744094007},
{"learn":[0.02821709502],"iteration":663,"passed_time":5.403490305,"remaining_time":2.734296299},
{"learn":[0.02814450347],"iteration":664,"passed_time":5.408025097,"remaining_time":2.72434347},
{"learn":[0.02808314838],"iteration":665,"passed_time":5.412136721,"remaining_time":2.714194692},
{"learn":[0.0280423057],"iteration":666,"passed_time":5.416558587,"remaining_time":2.704218905},
{"learn":[0.02796575579],"iteration":667,"passed_time":5.420908923,"remaining_time":2.694224195},
{"learn":[0.02788669767],"iteration":668,"passed_time":5.425298458,"remaining_time":2.684265754},
{"learn":[0.02783887363],"iteration":669,"passed_time":5.429534617,"remaining_time":2.674248393},
{"learn":[0.02782340623],"iteration":670,"passed_time":5.434048576,"remaining_time":2.664384473},
{"learn":[0.02778063122],"iteration":671,"passed_time":5.438450502,"remaining_time":2.654481793},
{"learn":[0.02774948557],"iteration":672,"passed_time":5.442882795,"remaining_time":2.644610214},
{"learn":[0.02770073873],"iteration":673,"passed_time":5.447412072,"remaining_time":2.634801685},
{"learn":[0.02765697504],"iteration":674,"passed_time":5.451546191,"remaining_time":2.624818536},
{"learn":[0.02759948971],"iteration":675,"passed_time":5.45566504,"remaining_time":2.614845374},
{"learn":[0.02754884072],"iteration":676,"passed_time":5.45986393,"remaining_time":2.604927695},
{"learn":[0.02746502727],"iteration":677,"passed_time":5.464360861,"remaining_time":2.595168433},
{"learn":[0.02741383192],"iteration":678,"passed_time":5.468947944,"remaining_time":2.58546729},
{"learn":[0.02740555655],"iteration":679,"passed_time":5.473135692,"remaining_time":2.575593267},
{"learn":[0.02734857976],"iteration":680,"passed_time":5.477993697,"remaining_time":2.566049911},
{"learn":[0.02727179311],"iteration":681,"passed_time":5.482029489,"remaining_time":2.556136917},
{"learn":[0.02721114951],"iteration":682,"passed_time":5.486198791,"remaining_time":2.546303099},
{"learn":[0.02714624752],"iteration":683,"passed_time":5.49033512,"remaining_time":2.536470611},
{"learn":[0.02706804683],"iteration":684,"passed_time":5.494450801,"remaining_time":2.526645259},
{"learn":[0.02700773091],"iteration":685,"passed_time":5.498869433,"remaining_time":2.516975222},
{"learn":[0.02692723485],"iteration":686,"passed_time":5.503316661,"remaining_time":2.5073335},
{"learn":[0.02687568666],"iteration":687,"passed_time":5.507622,"remaining_time":2.497642535},
{"learn":[0.02681838546],"iteration":688,"passed_time":5.511765319,"remaining_time":2.48789407},
{"learn":[0.02676376781],"iteration":689,"passed_time":5.516262198,"remaining_time":2.478320698},
{"learn":[0.02669245999],"iteration":690,"passed_time":5.520867193,"remaining_time":2.468810366},
{"learn":[0.02664511903],"iteration":691,"passed_time":5.525525967,"remaining_time":2.459338147},
{"learn":[0.02661062347],"iteration":692,"passed_time":5.529921035,"remaining_time":2.449762998},
{"learn":[0.02654702298],"iteration":693,"passed_time":5.533984529,"remaining_time":2.440056579},
{"learn":[0.0265180371],"iteration":694,"passed_time":5.538055011,"remaining_time":2.430369465},
{"learn":[0.02645482035],"iteration":695,"passed_time":5.542223313,"remaining_time":2.420741217},
{"learn":[0.02640842245],"iteration":696,"passed_time":5.546278455,"remaining_time":2.411079443},
{"learn":[0.02636557584],"iteration":697,"passed_time":5.550714842,"remaining_time":2.401598685},
{"learn":[0.0262781762],"iteration":698,"passed_time":5.555104817,"remaining_time":2.392112375},
{"learn":[0.02623079628],"iteration":699,"passed_time":5.559476502,"remaining_time":2.382632787},
{"learn":[0.02617920141],"iteration":700,"passed_time":5.56416627,"remaining_time":2.373303445},
{"learn":[0.02614704558],"iteration":701,"passed_time":5.568908142,"remaining_time":2.364009439},
{"learn":[0.02610678143],"iteration":702,"passed_time":5.573336526,"remaining_time":2.354595943},
{"learn":[0.02606189251],"iteration":703,"passed_time":5.577931887,"remaining_time":2.345266816},
{"learn":[0.02597534064],"iteration":704,"passed_time":5.582643343,"remaining_time":2.335999697},
{"learn":[0.02591339933],"iteration":705,"passed_time":5.587426601,"remaining_time":2.326775383},
{"learn":[0.0258742845],"iteration":706,"passed_time":5.592130857,"remaining_time":2.317530893},
{"learn":[0.02581675182],"iteration":707,"passed_time":5.596667032,"remaining_time":2.308229906},
{"learn":[0.02578170138],"iteration":708,"passed_time":5.601632787,"remaining_time":2.299118676},
{"learn":[0.02572239445],"iteration":709,"passed_time":5.606368978,"remaining_time":2.289925357},
{"learn":[0.02565093524],"iteration":710,"passed_time":5.610572366,"remaining_time":2.280528008},
{"learn":[0.02559568981],"iteration":711,"passed_time":5.614759293,"remaining_time":2.27113859},
{"learn":[0.02551311332],"iteration":712,"passed_time":5.618911161,"remaining_time":2.261749654},
{"learn":[0.02544851123],"iteration":713,"passed_time":5.622896679,"remaining_time":2.252308754},
{"learn":[0.02539019582],"iteration":714,"passed_time":5.627844516,"remaining_time":2.243266695},
{"learn":[0.02532964137],"iteration":715,"passed_time":5.633818113,"remaining_time":2.234642939},
{"learn":[0.02525312618],"iteration":716,"passed_time":5.639541989,"remaining_time":2.22592801},
{"learn":[0.02518057696],"iteration":717,"passed_time":5.643954387,"remaining_time":2.216706319},
{"learn":[0.02515144878],"iteration":718,"passed_time":5.648489253,"remaining_time":2.207545869},
{"learn":[0.02510016998],"iteration":719,"passed_time":5.653082709,"remaining_time":2.198421053},
{"learn":[0.02504621596],"iteration":720,"passed_time":5.658949636,"remaining_time":2.189801593},
{"learn":[0.02500373728],"iteration":721,"passed_time":5.664285461,"remaining_time":2.180985261},
{"learn":[0.02496587736],"iteration":722,"passed_time":5.66936596,"remaining_time":2.172080734},
{"learn":[0.02491359542],"iteration":723,"passed_time":5.673880909,"remaining_time":2.162971175},
{"learn":[0.02487422602],"iteration":724,"passed_time":5.678381392,"remaining_time":2.153868804},
{"learn":[0.02482389006],"iteration":725,"passed_time":5.683315536,"remaining_time":2.144942778},
{"learn":[0.02477095459],"iteration":726,"passed_time":5.687244582,"remaining_time":2.135650304},
{"learn":[0.02471696775],"iteration":727,"passed_time":5.691819685,"remaining_time":2.126613948},
{"learn":[0.02467743652],"iteration":728,"passed_time":5.697940139,"remaining_time":2.118164304},
{"learn":[0.02460732705],"iteration":729,"passed_time":5.703415019,"remaining_time":2.109482267},
{"learn":[0.02455940375],"iteration":730,"passed_time":5.708660102,"remaining_time":2.100724442},
{"learn":[0.02450400724],"iteration":731,"passed_time":5.714108414,"remaining_time":2.092050621},
{"learn":[0.02446657132],"iteration":732,"passed_time":5.718381153,"remaining_time":2.082957391},
{"learn":[0.02439076039],"iteration":733,"passed_time":5.722994113,"remaining_time":2.074000592},
{"learn":[0.02435540649],"iteration":734,"passed_time":5.727810997,"remaining_time":2.065129135},
{"learn":[0.02433974378],"iteration":735,"passed_time":5.732974871,"remaining_time":2.05639316},
{"learn":[0.02430908377],"iteration":736,"passed_time":5.739321924,"remaining_time":2.048089099},
{"learn":[0.02424654944],"iteration":737,"passed_time":5.744749855,"remaining_time":2.039464041},
{"learn":[0.02423705544],"iteration":738,"passed_time":5.749740577,"remaining_time":2.030693222},
{"learn":[0.02417991274],"iteration":739,"passed_time":5.754766061,"remaining_time":2.021944832},
{"learn":[0.0241279395],"iteration":740,"passed_time":5.759062675,"remaining_time":2.012951731},
{"learn":[0.02407290216],"iteration":741,"passed_time":5.763625268,"remaining_time":2.004063772},
{"learn":[0.02402986112],"iteration":742,"passed_time":5.768213967,"remaining_time":1.995196487},
{"learn":[0.02398043759],"iteration":743,"passed_time":5.77265762,"remaining_time":1.986290794},
{"learn":[0.0239620974],"iteration":744,"passed_time":5.777393138,"remaining_time":1.97749698},
{"learn":[0.02392004916],"iteration":745,"passed_time":5.782750285,"remaining_time":1.9689257},
{"learn":[0.02389446406],"iteration":746,"passed_time":5.787512566,"remaining_time":1.960161552},
{"learn":[0.02385704033],"iteration":747,"passed_time":5.792128402,"remaining_time":1.951358767},
{"learn":[0.02379941963],"iteration":748,"passed_time":5.796460571,"remaining_time":1.942472101},
{"learn":[0.02375497134],"iteration":749,"passed_time":5.801011116,"remaining_time":1.933670372},
{"learn":[0.02372189899],"iteration":750,"passed_time":5.805814666,"remaining_time":1.924963851},
{"learn":[0.02366962326],"iteration":751,"passed_time":5.810600647,"remaining_time":1.916261916},
{"learn":[0.02364556756],"iteration":752,"passed_time":5.814708094,"remaining_time":1.907347808},
{"learn":[0.02359301938],"iteration":753,"passed_time":5.818852006,"remaining_time":1.898458347},
{"learn":[0.02355675159],"iteration":754,"passed_time":5.823154342,"remaining_time":1.889632866},
{"learn":[0.02349164774],"iteration":755,"passed_time":5.827352407,"remaining_time":1.880785697},
{"learn":[0.02346872892],"iteration":756,"passed_time":5.831446459,"remaining_time":1.871917423},
{"learn":[0.02343407667],"iteration":757,"passed_time":5.835522363,"remaining_time":1.863055952},
{"learn":[0.02340712757],"iteration":758,"passed_time":5.839626382,"remaining_time":1.854216019},
{"learn":[0.02334339619],"iteration":759,"passed_time":5.843800893,"remaining_time":1.845410808},
{"learn":[0.02329924433],"iteration":760,"passed_time":5.848139091,"remaining_time":1.836669176},
{"learn":[0.02323938994],"iteration":761,"passed_time":5.852391737,"remaining_time":1.82791238},
{"learn":[0.02322321179],"iteration":762,"passed_time":5.856941745,"remaining_time":1.819259756},
{"learn":[0.02319429531],"iteration":763,"passed_time":5.861431148,"remaining_time":1.810599151},
{"learn":[0.02315240162],"iteration":764,"passed_time":5.866139361,"remaining_time":1.802016666},
{"learn":[0.02311866739],"iteration":765,"passed_time":5.870584958,"remaining_time":1.793364073},
{"learn":[0.02307067693],"iteration":766,"passed_time":5.874959517,"remaining_time":1.78470087},
{"learn":[0.02303728137],"iteration":767,"passed_time":5.879252401,"remaining_time":1.776024163},
{"learn":[0.02300572124],"iteration":768,"passed_time":5.884428992,"remaining_time":1.767624314},
{"learn":[0.02297064359],"iteration":769,"passed_time":5.889512259,"remaining_time":1.759204961},
{"learn":[0.02294105418],"iteration":770,"passed_time":5.893877702,"remaining_time":1.750581056},
{"learn":[0.02290008618],"iteration":771,"passed_time":5.898307079,"remaining_time":1.741987065},
{"learn":[0.02284142826],"iteration":772,"passed_time":5.902428044,"remaining_time":1.733313281},
{"learn":[0.02281721798],"iteration":773,"passed_time":5.906643823,"remaining_time":1.724678946},
{"learn":[0.02275182557],"iteration":774,"passed_time":5.910748735,"remaining_time":1.716023826},
{"learn":[0.0226921734],"iteration":775,"passed_time":5.916372526,"remaining_time":1.707818873},
{"learn":[0.02266255408],"iteration":776,"passed_time":5.921149202,"remaining_time":1.699377442},
{"learn":[0.02260861741],"iteration":777,"passed_time":5.925464167,"remaining_time":1.690813683},
{"learn":[0.02258373667],"iteration":778,"passed_time":5.931109858,"remaining_time":1.682638355},
{"learn":[0.0225500539],"iteration":779,"passed_time":5.935538358,"remaining_time":1.674126204},
{"learn":[0.02250883134],"iteration":780,"passed_time":5.940156855,"remaining_time":1.665677786},
{"learn":[0.02248631282],"iteration":781,"passed_time":5.944980505,"remaining_time":1.657296356},
{"learn":[0.02247122277],"iteration":782,"passed_time":5.949667484,"remaining_time":1.648886135},
{"learn":[0.0224398126],"iteration":783,"passed_time":5.954027606,"remaining_time":1.640395361},
{"learn":[0.02238369762],"iteration":784,"passed_time":5.958346086,"remaining_time":1.631903705},
{"learn":[0.0223429715],"iteration":785,"passed_time":5.96277255,"remaining_time":1.623452068},
{"learn":[0.02231625267],"iteration":786,"passed_time":5.967131545,"remaining_time":1.6149924},
{"learn":[0.02225024275],"iteration":787,"passed_time":5.971239129,"remaining_time":1.606475502},
{"learn":[0.02222980518],"iteration":788,"passed_time":5.976123405,"remaining_time":1.598177489},
{"learn":[0.0221882696],"iteration":789,"passed_time":5.980695805,"remaining_time":1.589805214},
{"learn":[0.02215930959],"iteration":790,"passed_time":5.98562351,"remaining_time":1.581536427},
{"learn":[0.02212707832],"iteration":791,"passed_time":5.990226131,"remaining_time":1.573190701},
{"learn":[0.02207269781],"iteration":792,"passed_time":5.994309186,"remaining_time":1.564718791},
{"learn":[0.02203450302],"iteration":793,"passed_time":5.998358135,"remaining_time":1.556249088},
{"learn":[0.02201954899],"iteration":794,"passed_time":6.003026038,"remaining_time":1.54795011},
{"learn":[0.02198317597],"iteration":795,"passed_time":6.007852775,"remaining_time":1.539700962},
{"learn":[0.02193067334],"iteration":796,"passed_time":6.012755657,"remaining_time":1.531479797},
{"learn":[0.02187842368],"iteration":797,"passed_time":6.016939153,"remaining_time":1.523084848},
{"learn":[0.02184188546],"iteration":798,"passed_time":6.021668199,"remaining_time":1.514837682},
{"learn":[0.02178394144],"iteration":799,"passed_time":6.025942071,"remaining_time":1.506485518},
{"learn":[0.02175755945],"iteration":800,"passed_time":6.03056535,"remaining_time":1.498230343},
{"learn":[0.02171289639],"iteration":801,"passed_time":6.036481412,"remaining_time":1.490303391},
{"learn":[0.02168164834],"iteration":802,"passed_time":6.041327327,"remaining_time":1.482118908},
{"learn":[0.02164802544],"iteration":803,"passed_time":6.046026399,"remaining_time":1.473906933},
{"learn":[0.02160841343],"iteration":804,"passed_time":6.051186917,"remaining_time":1.465815464},
{"learn":[0.02158593679],"iteration":805,"passed_time":6.056124043,"remaining_time":1.457677499},
{"learn":[0.02153096559],"iteration":806,"passed_time":6.060932315,"remaining_time":1.44951665},
{"learn":[0.02149595756],"iteration":807,"passed_time":6.065549096,"remaining_time":1.441318597},
{"learn":[0.02145992661],"iteration":808,"passed_time":6.069941756,"remaining_time":1.433076484},
{"learn":[0.02143695341],"iteration":809,"passed_time":6.074496448,"remaining_time":1.424881883},
{"learn":[0.02139622226],"iteration":810,"passed_time":6.078744833,"remaining_time":1.416624875},
{"learn":[0.02133790527],"iteration":811,"passed_time":6.083415594,"remaining_time":1.408475532},
{"learn":[0.02130002281],"iteration":812,"passed_time":6.088383996,"remaining_time":1.400403207},
{"learn":[0.02127798354],"iteration":813,"passed_time":6.092583865,"remaining_time":1.392162898},
{"learn":[0.02122778471],"iteration":814,"passed_time":6.097310238,"remaining_time":1.384052017},
{"learn":[0.02117720846],"iteration":815,"passed_time":6.102530875,"remaining_time":1.376060884},
{"learn":[0.02115256222],"iteration":816,"passed_time":6.106733221,"remaining_time":1.367848445},
{"learn":[0.02112463713],"iteration":817,"passed_time":6.112401256,"remaining_time":1.359971918},
{"learn":[0.02109555182],"iteration":818,"passed_time":6.118013404,"remaining_time":1.352088432},
{"learn":[0.02105756991],"iteration":819,"passed_time":6.123226872,"remaining_time":1.344122972},
{"learn":[0.02102128297],"iteration":820,"passed_time":6.130332391,"remaining_time":1.336576733},
{"learn":[0.02098364358],"iteration":821,"passed_time":6.13547499,"remaining_time":1.328606506},
{"learn":[0.0209611413],"iteration":822,"passed_time":6.140813895,"remaining_time":1.32068537},
{"learn":[0.02094329174],"iteration":823,"passed_time":6.14685188,"remaining_time":1.312919819},
{"learn":[0.02091433567],"iteration":824,"passed_time":6.151930572,"remaining_time":1.30495497},
{"learn":[0.02087182007],"iteration":825,"passed_time":6.157903119,"remaining_time":1.297185403},
{"learn":[0.02084094063],"iteration":826,"passed_time":6.163284125,"remaining_time":1.289296437},
{"learn":[0.02081622952],"iteration":827,"passed_time":6.168433446,"remaining_time":1.281365402},
{"learn":[0.0207880843],"iteration":828,"passed_time":6.173866187,"remaining_time":1.273499539},
{"learn":[0.02073789315],"iteration":829,"passed_time":6.179484991,"remaining_time":1.265677649},
{"learn":[0.02070855351],"iteration":830,"passed_time":6.184985656,"remaining_time":1.257837035},
{"learn":[0.02066011059],"iteration":831,"passed_time":6.190262698,"remaining_time":1.249956891},
{"learn":[0.02063469846],"iteration":832,"passed_time":6.195277151,"remaining_time":1.242030353},
{"learn":[0.02060312988],"iteration":833,"passed_time":6.200913907,"remaining_time":1.234234663},
{"learn":[0.02055779286],"iteration":834,"passed_time":6.206757581,"remaining_time":1.226485031},
{"learn":[0.02054272838],"iteration":835,"passed_time":6.212309182,"remaining_time":1.218682662},
{"learn":[0.02051104418],"iteration":836,"passed_time":6.218128793,"remaining_time":1.210937865},
{"learn":[0.02046884915],"iteration":837,"passed_time":6.224701774,"remaining_time":1.203343302},
{"learn":[0.02046336542],"iteration":838,"passed_time":6.23104531,"remaining_time":1.195707145},
{"learn":[0.02039490549],"iteration":839,"passed_time":6.236317181,"remaining_time":1.187869939},
{"learn":[0.02037645198],"iteration":840,"passed_time":6.242865895,"remaining_time":1.180280235},
{"learn":[0.02035162063],"iteration":841,"passed_time":6.249108981,"remaining_time":1.172635652},
{"learn":[0.02030911623],"iteration":842,"passed_time":6.255534831,"remaining_time":1.165028432},
{"learn":[0.02026867593],"iteration":843,"passed_time":6.262573395,"remaining_time":1.157537263},
{"learn":[0.02024381498],"iteration":844,"passed_time":6.267573861,"remaining_time":1.149673312},
{"learn":[0.02020528223],"iteration":845,"passed_time":6.273785551,"remaining_time":1.142036613},
{"learn":[0.02016900661],"iteration":846,"passed_time":6.278886374,"remaining_time":1.134202615},
{"learn":[0.02013062578],"iteration":847,"passed_time":6.2841292,"remaining_time":1.126400517},
{"learn":[0.02009420527],"iteration":848,"passed_time":6.290433052,"remaining_time":1.118793158},
{"learn":[0.02005943058],"iteration":849,"passed_time":6.296277242,"remaining_time":1.111107749},
{"learn":[0.02003314119],"iteration":850,"passed_time":6.301784196,"remaining_time":1.103367621},
{"learn":[0.02000379207],"iteration":851,"passed_time":6.307439654,"remaining_time":1.095658531},
{"learn":[0.01996487325],"iteration":852,"passed_time":6.313304247,"remaining_time":1.087990298},
{"learn":[0.0199387047],"iteration":853,"passed_time":6.318294947,"remaining_time":1.080176888},
{"learn":[0.01990721323],"iteration":854,"passed_time":6.323854241,"remaining_time":1.072466509},
{"learn":[0.01988925044],"iteration":855,"passed_time":6.329864022,"remaining_time":1.064836938},
{"learn":[0.01983638833],"iteration":856,"passed_time":6.335384739,"remaining_time":1.057129542},
{"learn":[0.01980387892],"iteration":857,"passed_time":6.340872998,"remaining_time":1.049421871},
{"learn":[0.01977900267],"iteration":858,"passed_time":6.346138024,"remaining_time":1.041682726},
{"learn":[0.01977136314],"iteration":859,"passed_time":6.351923642,"remaining_time":1.034034081},
{"learn":[0.01973326934],"iteration":860,"passed_time":6.357439998,"remaining_time":1.026346295},
{"learn":[0.01970917967],"iteration":861,"passed_time":6.363375606,"remaining_time":1.018730666},
{"learn":[0.01968108927],"iteration":862,"passed_time":6.369205061,"remaining_time":1.011102078},
{"learn":[0.01966366811],"iteration":863,"passed_time":6.37532046,"remaining_time":1.003522665},
{"learn":[0.01964292809],"iteration":864,"passed_time":6.381496411,"remaining_time":0.9959560873},
{"learn":[0.01962484217],"iteration":865,"passed_time":6.386434311,"remaining_time":0.988201152},
{"learn":[0.01957299883],"iteration":866,"passed_time":6.392795714,"remaining_time":0.9806710842},
{"learn":[0.01954668614],"iteration":867,"passed_time":6.398195302,"remaining_time":0.9729974422},
{"learn":[0.01950602657],"iteration":868,"passed_time":6.404082687,"remaining_time":0.9654025685},
{"learn":[0.0194642378],"iteration":869,"passed_time":6.40980165,"remaining_time":0.9577864535},
{"learn":[0.01944409393],"iteration":870,"passed_time":6.415351938,"remaining_time":0.950149713},
{"learn":[0.01941363516],"iteration":871,"passed_time":6.421580968,"remaining_time":0.9426173898},
{"learn":[0.01937720996],"iteration":872,"passed_time":6.427275331,"remaining_time":0.9350102715},
{"learn":[0.01935811938],"iteration":873,"passed_time":6.432592227,"remaining_time":0.9273531129},
{"learn":[0.01932578396],"iteration":874,"passed_time":6.438192262,"remaining_time":0.9197417517},
{"learn":[0.01927975289],"iteration":875,"passed_time":6.444018119,"remaining_time":0.9121669483},
{"learn":[0.01924113602],"iteration":876,"passed_time":6.449433564,"remaining_time":0.9045385729},
{"learn":[0.01918966136],"iteration":877,"passed_time":6.455069762,"remaining_time":0.8969459122},
{"learn":[0.01917495267],"iteration":878,"passed_time":6.461036956,"remaining_time":0.889403267},
{"learn":[0.0191332272],"iteration":879,"passed_time":6.466572412,"remaining_time":0.881805329},
{"learn":[0.01910480428],"iteration":880,"passed_time":6.472214384,"remaining_time":0.8742264604},
{"learn":[0.01908192023],"iteration":881,"passed_time":6.478204463,"remaining_time":0.8666985563},
{"learn":[0.01905774475],"iteration":882,"passed_time":6.483582423,"remaining_time":0.8590930277},
{"learn":[0.01902010511],"iteration":883,"passed_time":6.489288272,"remaining_time":0.8515355651},
{"learn":[0.01900335835],"iteration":884,"passed_time":6.495651825,"remaining_time":0.8440677513},
{"learn":[0.01895555565],"iteration":885,"passed_time":6.501444496,"remaining_time":0.8365289758},
{"learn":[0.01894987727],"iteration":886,"passed_time":6.506832044,"remaining_time":0.8289425265},
{"learn":[0.01891647237],"iteration":887,"passed_time":6.512510035,"remaining_time":0.8213976621},
{"learn":[0.01887643147],"iteration":888,"passed_time":6.518417348,"remaining_time":0.8138856306},
{"learn":[0.0188387889],"iteration":889,"passed_time":6.524521936,"remaining_time":0.8064015876},
{"learn":[0.01880346462],"iteration":890,"passed_time":6.530585721,"remaining_time":0.7989156494},
{"learn":[0.01879613242],"iteration":891,"passed_time":6.536498169,"remaining_time":0.7914145765},
{"learn":[0.0187555451],"iteration":892,"passed_time":6.542111823,"remaining_time":0.7838812599},
{"learn":[0.01872685848],"iteration":893,"passed_time":6.547314154,"remaining_time":0.776303468},
{"learn":[0.01868444033],"iteration":894,"passed_time":6.55330392,"remaining_time":0.7688233649},
{"learn":[0.01864649137],"iteration":895,"passed_time":6.559588881,"remaining_time":0.7613808523},
{"learn":[0.01861601442],"iteration":896,"passed_time":6.565731047,"remaining_time":0.7539245238},
{"learn":[0.01858324944],"iteration":897,"passed_time":6.571601496,"remaining_time":0.746440259},
{"learn":[0.01854578467],"iteration":898,"passed_time":6.577914991,"remaining_time":0.7390093594},
{"learn":[0.01852048617],"iteration":899,"passed_time":6.584182862,"remaining_time":0.7315758735},
{"learn":[0.01851243945],"iteration":900,"passed_time":6.590137933,"remaining_time":0.7241106053},
{"learn":[0.01847526427],"iteration":901,"passed_time":6.595406921,"remaining_time":0.7165741444},
{"learn":[0.01843971749],"iteration":902,"passed_time":6.601484538,"remaining_time":0.7091295683},
{"learn":[0.01839858643],"iteration":903,"passed_time":6.610525976,"remaining_time":0.7020027585},
{"learn":[0.01838846806],"iteration":904,"passed_time":6.618732449,"remaining_time":0.6947840693},
{"learn":[0.0183624842],"iteration":905,"passed_time":6.62543421,"remaining_time":0.6874070814},
{"learn":[0.01834180381],"iteration":906,"passed_time":6.632245789,"remaining_time":0.6800428428},
{"learn":[0.0183123093],"iteration":907,"passed_time":6.640230117,"remaining_time":0.6727986462},
{"learn":[0.01828832885],"iteration":908,"passed_time":6.647503784,"remaining_time":0.6654816769},
{"learn":[0.01823124241],"iteration":909,"passed_time":6.65442428,"remaining_time":0.6581298739},
{"learn":[0.01819362822],"iteration":910,"passed_time":6.660079097,"remaining_time":0.6506553673},
{"learn":[0.0181588255],"iteration":911,"passed_time":6.666238211,"remaining_time":0.6432335116},
{"learn":[0.01810170444],"iteration":912,"passed_time":6.67296682,"remaining_time":0.6358686893},
{"learn":[0.01806232382],"iteration":913,"passed_time":6.678605913,"remaining_time":0.6284027446},
{"learn":[0.01803799782],"iteration":914,"passed_time":6.683948792,"remaining_time":0.6209132758},
{"learn":[0.01800743351],"iteration":915,"passed_time":6.689324265,"remaining_time":0.6134314828},
{"learn":[0.01798128623],"iteration":916,"passed_time":6.695522515,"remaining_time":0.6060287555},
{"learn":[0.01795387374],"iteration":917,"passed_time":6.702101861,"remaining_time":0.5986626935},
{"learn":[0.017920918],"iteration":918,"passed_time":6.708512492,"remaining_time":0.5912834732},
{"learn":[0.01788742539],"iteration":919,"passed_time":6.71594521,"remaining_time":0.5839952357},
{"learn":[0.01786728913],"iteration":920,"passed_time":6.722438937,"remaining_time":0.5766261411},
{"learn":[0.01782702098],"iteration":921,"passed_time":6.728809868,"remaining_time":0.5692485572},
{"learn":[0.01778307591],"iteration":922,"passed_time":6.735171931,"remaining_time":0.5618724146},
{"learn":[0.01775482748],"iteration":923,"passed_time":6.741614739,"remaining_time":0.5545051084},
{"learn":[0.0177026046],"iteration":924,"passed_time":6.747619769,"remaining_time":0.5471043056},
{"learn":[0.01768084469],"iteration":925,"passed_time":6.754922715,"remaining_time":0.5398102386},
{"learn":[0.01766514486],"iteration":926,"passed_time":6.761393695,"remaining_time":0.5324506362},
{"learn":[0.0176416082],"iteration":927,"passed_time":6.767091859,"remaining_time":0.525032989},
{"learn":[0.01762277509],"iteration":928,"passed_time":6.772523218,"remaining_time":0.5175986528},
{"learn":[0.01760124752],"iteration":929,"passed_time":6.778168718,"remaining_time":0.5101847422},
{"learn":[0.01759303859],"iteration":930,"passed_time":6.78464402,"remaining_time":0.5028361304},
{"learn":[0.01755346651],"iteration":931,"passed_time":6.791060193,"remaining_time":0.4954850785},
{"learn":[0.01752678849],"iteration":932,"passed_time":6.795825883,"remaining_time":0.4880175071},
{"learn":[0.0174971154],"iteration":933,"passed_time":6.801500959,"remaining_time":0.4806199821},
{"learn":[0.01746669057],"iteration":934,"passed_time":6.807413721,"remaining_time":0.4732426651},
{"learn":[0.01745923885],"iteration":935,"passed_time":6.813404987,"remaining_time":0.4658738453},
{"learn":[0.0174284976],"iteration":936,"passed_time":6.819091226,"remaining_time":0.458487457},
{"learn":[0.01740797835],"iteration":937,"passed_time":6.824828799,"remaining_time":0.4511080869},
{"learn":[0.01739763401],"iteration":938,"passed_time":6.830869821,"remaining_time":0.4437519266},
{"learn":[0.01736917995],"iteration":939,"passed_time":6.836416942,"remaining_time":0.4363670388},
{"learn":[0.01734165966],"iteration":940,"passed_time":6.842866802,"remaining_time":0.4290426582},
{"learn":[0.0173045876],"iteration":941,"passed_time":6.848284399,"remaining_time":0.4216565766},
{"learn":[0.01728546518],"iteration":942,"passed_time":6.853453335,"remaining_time":0.4142596395},
{"learn":[0.01726128698],"iteration":943,"passed_time":6.858929658,"remaining_time":0.4068856577},
{"learn":[0.01725723406],"iteration":944,"passed_time":6.864782466,"remaining_time":0.3995376039},
{"learn":[0.0172189602],"iteration":945,"passed_time":6.870071409,"remaining_time":0.3921605244},
{"learn":[0.01718011356],"iteration":946,"passed_time":6.876459635,"remaining_time":0.3848493777},
{"learn":[0.01714821789],"iteration":947,"passed_time":6.882083358,"remaining_time":0.3774982433},
{"learn":[0.01712658095],"iteration":948,"passed_time":6.887529224,"remaining_time":0.3701411912},
{"learn":[0.01710205263],"iteration":949,"passed_time":6.893456874,"remaining_time":0.3628135197},
{"learn":[0.01706313486],"iteration":950,"passed_time":6.898874717,"remaining_time":0.3554625248},
{"learn":[0.01702750209],"iteration":951,"passed_time":6.903885673,"remaining_time":0.3480950759},
{"learn":[0.01701886762],"iteration":952,"passed_time":6.909961076,"remaining_time":0.3407850688},
{"learn":[0.01697703799],"iteration":953,"passed_time":6.915163909,"remaining_time":0.3334355763},
{"learn":[0.01695045198],"iteration":954,"passed_time":6.92046535,"remaining_time":0.3260952259},
{"learn":[0.01693383599],"iteration":955,"passed_time":6.926021254,"remaining_time":0.3187708527},
{"learn":[0.01690413682],"iteration":956,"passed_time":6.931767861,"remaining_time":0.311458744},
{"learn":[0.01688243055],"iteration":957,"passed_time":6.937240857,"remaining_time":0.3041379081},
{"learn":[0.01686702051],"iteration":958,"passed_time":6.942279875,"remaining_time":0.2968023721},
{"learn":[0.01684763468],"iteration":959,"passed_time":6.947570752,"remaining_time":0.2894821147},
{"learn":[0.01682089573],"iteration":960,"passed_time":6.95281874,"remaining_time":0.2821643401},
{"learn":[0.01678436268],"iteration":961,"passed_time":6.958990259,"remaining_time":0.2748873491},
{"learn":[0.01675511283],"iteration":962,"passed_time":6.964448685,"remaining_time":0.2675852558},
{"learn":[0.01674910753],"iteration":963,"passed_time":6.969819441,"remaining_time":0.2602837136},
{"learn":[0.01673706271],"iteration":964,"passed_time":6.974007283,"remaining_time":0.2529432693},
{"learn":[0.01670322085],"iteration":965,"passed_time":6.979526554,"remaining_time":0.2456562141},
{"learn":[0.01666905983],"iteration":966,"passed_time":6.984607698,"remaining_time":0.2383578635},
{"learn":[0.01666115509],"iteration":967,"passed_time":6.989232613,"remaining_time":0.231049012},
{"learn":[0.01663209397],"iteration":968,"passed_time":6.99427244,"remaining_time":0.2237589738},
{"learn":[0.01658399488],"iteration":969,"passed_time":6.999613893,"remaining_time":0.2164829039},
{"learn":[0.01656741151],"iteration":970,"passed_time":7.004785456,"remaining_time":0.2092057448},
{"learn":[0.01653609149],"iteration":971,"passed_time":7.009727799,"remaining_time":0.2019263152},
{"learn":[0.0165296581],"iteration":972,"passed_time":7.015202336,"remaining_time":0.1946664574},
{"learn":[0.01650233775],"iteration":973,"passed_time":7.020208091,"remaining_time":0.1873977519},
{"learn":[0.0164926665],"iteration":974,"passed_time":7.025650771,"remaining_time":0.1801448916},
{"learn":[0.01647765956],"iteration":975,"passed_time":7.03387652,"remaining_time":0.1729641767},
{"learn":[0.01645232047],"iteration":976,"passed_time":7.040315456,"remaining_time":0.1657392584},
{"learn":[0.0164297641],"iteration":977,"passed_time":7.045740155,"remaining_time":0.1584931323},
{"learn":[0.01641937227],"iteration":978,"passed_time":7.051107296,"remaining_time":0.1512494926},
{"learn":[0.01639539204],"iteration":979,"passed_time":7.0562443,"remaining_time":0.1440049857},
{"learn":[0.01636967307],"iteration":980,"passed_time":7.061326087,"remaining_time":0.1367637061},
{"learn":[0.01634110879],"iteration":981,"passed_time":7.067232208,"remaining_time":0.1295419346},
{"learn":[0.01631431457],"iteration":982,"passed_time":7.074733077,"remaining_time":0.1223504194},
{"learn":[0.01629265899],"iteration":983,"passed_time":7.080068732,"remaining_time":0.1151230688},
{"learn":[0.0162689987],"iteration":984,"passed_time":7.086607319,"remaining_time":0.107917878},
{"learn":[0.0162511848],"iteration":985,"passed_time":7.092509669,"remaining_time":0.1007050054},
{"learn":[0.01623011545],"iteration":986,"passed_time":7.09728452,"remaining_time":0.09347993796},
{"learn":[0.01619971101],"iteration":987,"passed_time":7.103630334,"remaining_time":0.08627891094},
{"learn":[0.01618019852],"iteration":988,"passed_time":7.108746335,"remaining_time":0.07906593497},
{"learn":[0.01615124056],"iteration":989,"passed_time":7.113455306,"remaining_time":0.07185308389},
{"learn":[0.01612229025],"iteration":990,"passed_time":7.119152057,"remaining_time":0.06465425682},
{"learn":[0.01611522424],"iteration":991,"passed_time":7.125606498,"remaining_time":0.05746456854},
{"learn":[0.01607685714],"iteration":992,"passed_time":7.130550742,"remaining_time":0.0502657152},
{"learn":[0.01605153663],"iteration":993,"passed_time":7.137734039,"remaining_time":0.04308491372},
{"learn":[0.0160204568],"iteration":994,"passed_time":7.142578954,"remaining_time":0.03589235655},
{"learn":[0.01599785466],"iteration":995,"passed_time":7.147775058,"remaining_time":0.02870592393},
{"learn":[0.01596577682],"iteration":996,"passed_time":7.154730539,"remaining_time":0.02152877795},
{"learn":[0.0159555006],"iteration":997,"passed_time":7.159563674,"remaining_time":0.01434782299},
{"learn":[0.01594929053],"iteration":998,"passed_time":7.164856316,"remaining_time":0.007172028344},
{"learn":[0.01592888504],"iteration":999,"passed_time":7.171503211,"remaining_time":0}
]}